chairid,conferenceid
53f45a4cdabfaedf4361a39c,318d3243-2775-43ca-9ce8-52b79bb0e9cb
53f4263fdabfaeb1a7b54775,cdeb2430-4920-4648-9b04-2fb1093a4f84
53f437dbdabfaec09f18a9db,c2205631-7cfe-4ba1-b9c7-4c13ab9f39e3
560204d545cedb3395ef3c59,2af50665-0005-42c0-bb5d-87e24e2385d7
53f4653ddabfaee4dc84957a,daeb9b73-d9dd-4084-a1f6-fd224b315e9b
54110d7ddabfae92b42b7903,ef40f9bc-36d2-4083-b369-6e5e3054f05c
53f42fbadabfaec09f132017,66a4d82b-2dee-484a-8a71-77fe95a27277
53f45688dabfaeecd69eb9be,5d74df06-34bd-4e37-9a8b-f05d60467235
53f32cbddabfae9a84496b6e,f3cd7155-fdc6-4018-8065-9e0c4f6c510a
53f42e3bdabfaedd74d41ce3,54e1cc32-6625-4163-9a60-3de0cb16d98d
53f47e4ddabfaeb1a7cd06fb,50776682-0887-41dc-8aad-2f61040a339e
53f44b27dabfaefedbb26bec,79f278aa-d8fd-42d9-8bb1-ebcc7c1c94d2
53f320e3dabfae9a844554f2,feef7125-47fb-4ae3-af58-53d781305d9d
53f43581dabfaeb1a7bec3d7,c18a4c0f-a825-46da-a902-387b68fe9d0d
542a6215dabfae646d5599b4,9acc2be4-78a4-4949-85d7-99c38267e567
53f43dcedabfaee2a1d1e1b2,d1c1f980-4068-42c6-8c3d-b67ea24eea15
53f39e98dabfae4b34aaaf0e,f076bb25-fac2-488e-b022-86d0ca50154a
53f43826dabfaee02acda7ae,029dbae1-e587-4a9e-bfc9-32e8c99bbee2
53f43859dabfaedd74db2bda,3b8fcdb4-75ad-47e4-8bc8-cf8d462b8a10
56017d0a45cedb3395e6340f,f72554ac-d80c-4872-b857-dbf784361ae2
53f4658cdabfaefedbb85660,ab6b9a79-a0b9-4d1b-ac94-39743be80c97
53f457fbdabfaedf43611b78,869bffc5-1e17-4937-b931-70e4c9964f6e
53f43777dabfaedce5538e31,d2f6d766-3b2d-4abd-a0b0-adbcae3ea1b2
53f45e6fdabfaec09f221f1c,f0b19833-ee7c-4827-b7b3-7f0e9a000c55
53f42ec1dabfaedce54d73f2,0a2cc1d5-61af-4327-bab6-d9bd1768d2de
53f43142dabfaeb1a7bbc78c,dec2d462-053e-4e7b-b028-c3831195e1e0
53f37c28dabfae4b349e61d6,bcd4f72c-69c7-4009-b3f1-e99af8bc8fde
53f435b8dabfaee4dc77d905,fdf0223c-ee99-4861-93c7-179993b3d95e
53f430dadabfaee02ac8cc1d,b349a5d0-abe3-4623-a43f-54f6ccccd3a2
53f437bddabfaedf4358beb3,bc29ea38-5e52-481f-bc3b-b01c2a9523fb
53f45294dabfaeee22a26002,4f4091f8-e5b7-4cc0-859d-a3af5f73dd95
53f375b5dabfae4b349d0175,b669aff4-a96a-4cda-9a78-ca9c62020f04
56018fa445cedb3395e79f1b,380dbdb3-0ed5-4394-9b3e-c4c32bff8271
542ac322dabfae61d49a4bb9,c4d4aade-3f0b-465a-ac05-d501275a5bc2
53f3adf1dabfae4b34b094a4,2f3ef31a-b0a8-4477-8030-515e697cb234
540972a1dabfae8faa692769,a10813ac-ce15-4c21-974b-f4b37dfc76cc
54069373dabfae44f08428f8,35c9ce73-6c95-45e5-a7a1-543749498439
53f440ecdabfaeb22f4af153,8355338e-e703-467d-b3bf-51ced12f357e
53f43674dabfaeee229ab7d0,74437b81-1b93-4cd1-bb29-6caf4ae75585
54408d0bdabfae7d84b7f81b,323d9e09-2b68-4c50-982a-302b9b487010
53f42e4adabfaee0d9b08c7b,2e9e0cae-554d-4ef0-9827-07489840d233
53f432f1dabfaeb1a7bd1226,75b1eb9f-9d29-400a-880f-af3a33c439a2
53f45653dabfaee0d9bf3e9b,261bf396-06ba-4701-aae9-d34f63f12dd0
53f459cedabfaee43ecc9342,f82e00d9-2ab0-4558-b848-be33d89eb102
53f446bfdabfaee0d9bb46b7,45739f22-737e-480c-915a-b5ee4d58e11d
5601a95645cedb3395e88d9a,5752dbcf-0c38-42ac-beb6-099f02117eb3
53f43cf2dabfaeecd6994a98,38f16a65-ff0b-4894-8204-30ce8331bbfe
53f461fddabfaee43ece52e1,7b7d2776-b35a-462e-bdb6-1623fd451864
53f3227edabfae9a8445e412,0abb4b4e-4a4e-4ce0-9e67-cf6feaa5490a
5485866bdabfae9b4013375b,300ae553-dfcd-485e-9caf-b8cc5b56e02c
53f46288dabfaee2a1d9f4ef,47ad6362-a4be-4184-93f4-0630e0edfb60
53f43a8ddabfaedf435a6ced,bc0270f7-1380-446b-9d95-7ffab48493b7
53f376dbdabfae4b349d41b5,cd2dfdfe-56fa-4063-a8df-ce0fa9d8123a
53f468acdabfaee1c0b70c77,7780c75f-7016-4fed-8563-d9924adb4d97
53f4d8b7dabfaef64877b769,6b79c4ba-bc80-4d01-99c0-ee621f38d32c
53f4d002dabfaeeee9f814b3,9e82fe6d-887d-4851-b111-d295fca92aa9
53f4bcb4dabfaeda9b77b79d,c730e821-57ab-46d0-8117-d6c2b2a459d9
53f430fadabfaeb2ac01762d,4d065362-9b94-4c63-9d16-e8de0d98f82e
53f4325edabfaee4dc759085,11283863-6d59-4f47-8413-7e1212ad5848
53f47b81dabfaefedbbbdd1d,a8f8daff-9d1c-4512-84e0-9ab0a2db67f5
53f434a1dabfaedce551e8a1,d26c412d-f063-4f3b-9dd2-3da072f23ca0
53f4736ddabfaee02adc8221,59d12925-f8dc-480a-84f4-2b7523e1b1e4
53f4d16adabfaeedd177ed06,57393283-9a0c-4de1-8248-e8dc6506ea22
53f43268dabfaee1c0a74aa5,4b221635-4f07-4e59-8c20-8fa85f6e6224
53f43872dabfaedd74db3ad0,280374fa-c9c5-4be5-962c-bdc6b26afe54
53f4314ddabfaeb22f439fc3,d23d995f-3449-444e-87db-7abda6bbf5b3
5459202ddabfaeb0fe30b107,e864b45d-c569-4192-bfd0-0b76fdeb23e6
53f43753dabfaedf43587d4b,656b7464-1ba0-4a93-aa8e-0a4b103c7bf2
53f7ae04dabfae90ec114055,626ad043-578f-41f1-8cf9-658d60cffafb
5448e04ddabfae87b7e8a920,5431435f-55cb-4d37-ac65-e099db96fd9a
5488659ddabfae8a11fb4316,c25ea753-edbf-495f-92a2-7467b7f861da
53f4435adabfaeb1a7c206c6,dc537462-abea-46b5-9ee0-4d1021bbd38e
5601874c45cedb3395e69d3d,73d6bff3-01cc-4d8d-b452-6b4e593598ba
53f457bfdabfaee43ecc1cbb,f9f7fded-2a4b-4642-bcee-a911480a0c18
53f7ea22dabfae8faa4c2d42,6cbca98a-f772-4139-8448-b121d637953d
53f4541fdabfaeecd69e2b9b,fd1ce5da-fca6-4e57-b9f4-61411bc801e0
53f4659bdabfaeee22a50962,4de2341b-69a0-4e4a-9ef6-237363949b22
53f43859dabfaee02acdc882,0a3b72ba-c7c2-4872-ab04-d6457e808c99
53f36fa4dabfae4b349bc89c,3e6f7b30-d497-4b5c-8be1-ff79bfee7aa2
5410532fdabfae44f089a83a,01d52848-35cb-42b8-841c-bba317db5bad
53f382dadabfae4b34a00593,67840de2-b94e-4832-978e-0e675c5eda7c
53f43745dabfaee02acd1ca4,110d9d5b-3c67-44db-bdc0-5d844884bfa7
53f45c35dabfaefedbb64a04,3a3c83a5-5a9b-4349-a0ca-54091edd08b4
54353df9dabfaebba58b8e7d,48d198d7-071e-484b-b537-36009aa0b56e
53f43b53dabfaedf435af856,78b6ef4e-b12f-4a23-9808-633e17f45483
53f4456fdabfaefedbb10f4b,c6a2ab86-7f95-433b-bffd-23206d2bce3e
540839c1dabfae44f087251d,702a4eea-9517-4ddd-bc8a-f320ff2f284f
53f4368ddabfaedce5530728,638d04f9-f6d3-4b96-85ec-dbdfe00488d6
53f42ff1dabfaeb1a7bab8fc,dc18c9ff-8d97-4f3a-a7e7-b5fd029bdd14
53f43a96dabfaedd74dc88dd,ed864dbd-6e10-4000-8fa2-f60027d25a26
53f44b5adabfaec09f1dcb96,bfe18d60-d9cf-4d86-9122-e1c97abb114b
53f452eedabfaee4dc80415b,644c43d2-43fe-4fe1-a98b-385ec97e0a3f
53f4364cdabfaeb1a7bf3798,e770b7d0-b147-4453-9fa4-094546b37ed2
5601c28c45cedb3395eb707e,33e1e846-cbde-4ee0-ba1b-8389789fc0b5
53f4358fdabfaeee229a3c09,d0d95b17-cbb8-44eb-9862-516f179f9444
53f47259dabfaefedbb9dfe6,860e0834-0d86-479b-8f8e-32a8ccf0d356
53f4506bdabfaee4dc7f9d1c,8a2c9f30-be13-4014-b175-68d138316880
53f46124dabfaedd74e547fe,d940a8e6-b977-4cbb-9972-02995710b730
53f45928dabfaefedbb5a8d1,63c82f47-8cf8-454d-ae8b-3fd494172f05
53f43187dabfaee0d9b318a5,b813624c-6e8d-4127-9517-4a2c52787365
53f42d4adabfaee02ac5fa71,a554dfb6-5636-40d6-a65d-2971817f2f9b
53f42e35dabfaee4dc7244aa,149b7496-32b4-4a5f-97de-2fed88e2f4ee
53f44466dabfaefedbb0d2ea,296cfb53-e5a8-48bf-9cc1-65676195177f
53f45e92dabfaee0d9c1139d,2fc9300f-8456-44fd-9833-583ccea3aba3
53f430a0dabfaedd74d6003a,d179ba2e-ad29-48b9-9fc9-4a7dc7022435
54408436dabfae805a6c9dab,e43209b8-ffd5-40a1-96cd-1445efe122cb
54331578dabfaeb542175f31,a423ac79-0f88-4c52-bef5-342ab880a8e6
53f44f73dabfaefedbb36b5d,1411d458-951a-4c56-a3be-3b8f65f1d6f9
53f350cddabfae4b349469e7,2f866a8a-6083-4755-9e22-873b6a9005d8
53f4562bdabfaefedbb4fcf3,d6de52bf-1e56-4364-b3c2-993f3d748ea7
53f42e87dabfaec22ba26b31,80e63a19-bd2b-462e-99fd-f8cead96b993
53f46a80dabfaee02ada54d3,4f63fb76-131c-4815-a8c5-c7bafe3c0ad5
53f437c5dabfaee0d9b7185b,f7193b95-8c8a-4744-934d-6af6068fd0dc
53f48f0ddabfaee4dc8b3864,0519816e-4e61-4b34-9554-cbdf0e206336
540881efdabfae92b424622a,2ce0b226-e12c-4a6b-bdbb-0d189727509c
53f471a1dabfaefedbb9b2d6,c84d45af-3b52-4315-929f-eb397b52340a
53f4360adabfaedd74d9dc2c,9c52b137-8028-4bf6-9468-2cf4d3699419
53f36695dabfae4b3499c2d7,9e28ba7a-8bdd-4228-93d4-fe8edeb1260e
53f450addabfaeecd69d54f8,705816d9-76d9-421e-bb41-6b06ff5050ab
53f4331adabfaeb1a7bd2cfe,a2ec798d-fad8-403a-96e7-3bd4e49afe8d
53f43a04dabfaeee229cc7ad,68845825-ce58-4ef5-a2af-4ba216334032
53f4386bdabfaedd74db36fd,11c17ec0-0a94-4133-bbef-c5406501c0b8
53f434f0dabfaeee2299db94,606f872a-3bba-403d-8988-7a54d260ee43
5406f160dabfae450f3f8b4d,ffbd6d2b-6766-4200-992c-7fe1ca74a1c2
53f45455dabfaee4dc809ae3,e1928d8f-013d-4f55-9157-8475b35c4b79
53f4ccccdabfaeebdbf8129b,4394da81-1305-41b5-bed2-ac619348692d
53f432b7dabfaedd74d7a9e0,14d000f4-9c14-4afd-8c6e-52fe4cc78c7c
53f42f32dabfaeb2ac0010b1,66d358fa-151f-400f-bf74-8805c471a834
53f44a92dabfaee43ec8e83f,83053dcf-c982-4f2f-a973-446c01c39d9c
53f45085dabfaee1c0b159fa,f29ede2c-be5e-4038-bd79-7081909e513a
53f46342dabfaee4dc841294,84a25904-f56e-4d91-8827-05718cf598bf
53f473afdabfaec09f2737a8,c751122d-bbc5-4c93-baa4-08266f02f2b7
53f44971dabfaeecd69b911f,a3a7320e-4be4-4107-a4e9-ee5e691e12d0
53f430afdabfaec22ba423e8,6fe1d7a0-fb78-456a-a5ed-61bf749227e6
53f433d4dabfaee0d9b4c4e1,932050ef-79a6-444b-a349-0989acd08a7b
53f42a77dabfaec22b9e90b2,b3393244-acca-41e0-80c9-237aca3d41e3
53f4c7b3dabfaee57e77c75a,ce057996-813d-4d3e-801a-ba684338c111
53f433bbdabfaee4dc76865f,84a1350d-4961-4d8b-9e3a-7a17d22f10a7
543257e9dabfaeb4c6a7f84f,5d05cf1f-8e6e-45d6-9778-60ffc1d60860
53f43767dabfaec09f1861e0,a0ecb144-5b0c-48e7-878a-24934e8f85c5
53f45007dabfaee1c0b1374d,a9e514bc-b610-49a0-9b4c-25583ba55784
54405f20dabfae805a6b58e0,d6a56794-37ec-433b-80aa-4998755db089
53f45f72dabfaee43ecdc489,9101af7d-a70e-4b33-b94a-9da5a4e2813a
53f46233dabfaee2a1d9e045,61d13cb1-65d5-4baa-92b7-930c3e6b680b
53f43331dabfaee43ec0e843,4a1e1ecc-e027-44b1-970f-4f8b2c9b4eeb
53f42da5dabfaee2a1c7fcf8,c861af53-38d6-42a5-8a22-81c0caa27243
53f43a0edabfaec22baa2d20,b33a8e7d-21fe-4c03-a957-a9eb189b2d0d
53f39d3adabfae4b34aa219c,2eb9fc56-3dbb-478c-9239-2074f74a538b
53f472cadabfaeee22a817f8,f73229c6-90be-4efd-871c-b5dbb624e8da
5601e03e45cedb3395ed347f,9431ea5e-673f-4de7-84ca-b314b7bbe006
53f397d9dabfae4b34a7e2e3,0f132c4c-a000-4005-8cbb-31ed474561ac
53f43030dabfaee2a1ca0076,32ddbd32-a0fd-449b-9003-5866aaae8bfe
542fc3f6dabfae0c059c45a1,fe11f2df-7188-4a90-b1e0-ac2c192ce40f
53f39a3edabfae4b34a8ddfa,d067008a-1800-4320-8dd0-43bc8b8592e6
5408caa2dabfae8faa65a7ad,0ee460eb-c85b-4f9b-96f1-56edd6c6be5f
5487701edabfae8a11fb3a4b,06f32373-d0dc-4e63-8693-faba04bb146e
53f48080dabfae963d25a719,e21639ae-3a26-430f-8db3-3a975e3b4c15
53f7ea7edabfae9060af7bcd,e24de2e9-0a15-465f-b37c-539f8e99c96b
54489ee5dabfae87b7e51588,85f54ee3-272d-45e0-afdb-cb2941b55fbb
5601dda445cedb3395ed109e,af76da7d-f9ea-4daa-a674-73ad814507b3
53f436d3dabfaee2a1cea19a,8811d894-5400-4812-bf26-f3d08e75c65a
53f43166dabfaeb2ac01cac9,2062f323-dea3-4a06-bc90-19a633d50a84
5410145edabfae450f4ce05e,34b9c278-2263-433b-b0d3-b0a43465b01b
53f42af6dabfaec22b9efcb5,c4b3ed73-ca3a-4e63-b709-c96837c0bcc8
53f42d14dabfaec22ba135d3,898a86bc-73aa-440b-b921-73e333efc0d1
53f45618dabfaee43ecbbb94,e2151593-670d-4130-9cf8-ece8f8b21e2a
53f42fa2dabfaeb2ac006604,ef54758a-b036-451e-ad3d-ced72999261f
53f479d0dabfae8a6845c1c7,4373823b-ab8b-454c-b875-a99e6d80346d
53f439bedabfaeb22f490403,50b4b3da-cf26-43e0-91ac-0826fab554c9
5433db7cdabfaebba582b1ce,5ff8b36d-8ae6-49ae-8b0d-b8c84ef8eada
5601cb3245cedb3395ec0f58,1baf0c8a-d86d-47dd-8b6c-a313284bb520
53f397cadabfae4b34a7dc69,199ed5cf-7d9d-478c-b867-a416ca81971b
5601a4f345cedb3395e8575f,f37329ad-3ce3-49df-9aa7-d566657faf5a
53f43087dabfaedce54ed218,9a07c32d-ec3e-405c-9707-41e676b0eabd
53f49f60dabfaedce562c12c,1c0f51c0-4abd-4e5e-8117-a43875d805d6
53f44619dabfaee02ad17ac8,125ad43b-6f22-418f-b08e-5654684164a6
53f3a7f1dabfae4b34ae5035,622647aa-cb02-454c-8bb4-79555c4a64b6
53f4351adabfaeb22f4665ea,1c115e09-e5be-4854-be96-4d3604d0c9ea
53f79535dabfae92b40c9f49,0ae15ce6-7f51-48e3-b495-6c2af91517b4
53f463e3dabfaedd74e5fbec,f1d164d8-eed8-4903-8f95-91b5f82c02a7
53f43eb4dabfaefedbb01906,9fc9fc27-2216-40ec-945a-2e80361dd683
53f453cbdabfaeb22f4f6a9a,f45197d2-01bf-4dad-b158-685f0ab9ec8c
53f42ea7dabfaedce54d5fce,6c1ee0fe-b7be-48e1-87b2-763e27a995e9
53f44f7fdabfaee0d9bd823d,552c23a0-183f-40ff-9b8f-dc098421a44b
53f42b05dabfaec22b9f10b7,8c126c8a-1b71-43c0-9e5e-a586470135b0
53f42cc6dabfaeb1a7b823e3,1296c213-0958-424c-a8ae-10a813c91bd8
53f43708dabfaee43ec35b4a,45978028-ace4-4423-bd82-f8eeb01c870c
560176bb45cedb3395e5b75a,8d0f21e5-97a7-4113-b96b-8e6e9c646d94
53f56b29dabfae6c79f8052d,60f9f2c7-c1f5-40fe-b102-b271818eb866
53f4d5cadabfaef45ff8099b,f1e076cb-a01f-432a-80ea-bf6d6a1de354
53f436d3dabfaec22ba84ff0,2c9899c7-dbd7-4551-a41c-ab6207b7c7fe
53f3a9c1dabfae4b34aef792,0f8831bc-ec7a-4b0b-a502-27b9124e34b3
53f4ae97dabfaedce5640b7f,c650426e-b016-471b-88e6-8cbf9f201f86
53f56082dabfae5ab0f8045b,31b0aa57-b98d-4607-9b5c-0a1496c3e571
53f42ff4dabfaee43ebe5fc1,f4e3b2bc-1049-4006-90f9-3aa4fee4fd8e
53f455d2dabfaeb22f4febfe,9cdc9c20-9ce8-4c90-bbda-d9b90cc48fe3
5433440adabfaeb4c6ab2d45,ce006e91-ba7e-46c1-a529-f99718a943fb
54410dffdabfae7d84bdb87f,88802d79-d83f-40d9-9447-191e6dd7de9d
53f45e2ddabfaee43ecd7f16,9dec6601-0a20-4e12-a031-2ba7ecd4798b
53f46b10dabfaec22bb3833a,1567ea86-9be1-410c-8c1f-6ae2ea8e7540
53f433addabfaeb22f45687d,8e836218-a0dc-4835-85d7-c5678cabcd09
5447fcf6dabfae87b7dbc63b,fcf37097-d2f9-4fde-afea-7cac1c1c094b
5447ee56dabfae87b7db0e29,23253ea9-93e9-4161-9f2e-9c481abaa50b
53f4825bdabfaec09f2a2f50,09dbdcc3-96a9-4868-8e57-e313aa0062f7
560211ce45cedb3395f02107,ef162bce-ced6-4b74-858d-21e7bad355f0
53f44931dabfaec09f1d43e4,3ceb7945-43a3-4a2c-adfe-40809ab1e0af
53f433b1dabfaedf435648fc,90183c35-dcfe-4150-9804-7c1d0071a97a
53f446cedabfaee02ad1a7f4,3aba0681-a91b-455c-b06f-d0e3ad04c3f4
53f4320cdabfaee2a1cb85e7,212cf0c3-4c29-43d4-a79f-f1e92b1f3939
540546b4dabfae8faa5bbe1b,1dcf56d0-5255-4f85-9ed0-d6fcfc24ede2
53f44154dabfaee1c0add11d,9b18e1be-e13b-4ccd-b2df-9a88a52c7a7c
53f4335fdabfaee4dc764322,ba6e1b6c-6d64-4f76-b6fc-a3c1d40e1f1d
53f42711dabfaeb22f3c8f1e,6c61cbe3-6e99-41a8-ab4b-33104da6ba9d
53f4448bdabfaec09f1c2481,ee992850-170e-4d27-854b-95d406bb0f49
5410887edabfae44f08ba929,ed93c965-d2ea-4129-ae0a-98921569d0ea
53f437f9dabfaeecd696d639,82a78c40-2f17-4cf4-bc4b-b16f06192154
53f43417dabfaee1c0a873f3,95603ce8-e579-42f1-855f-6537b096741e
5432bf08dabfaeb542165356,7a753082-aa00-47af-b9d1-52feed395fbb
53f45624dabfaeecd69ea4cc,c5a55af8-8ad4-4a1e-89fd-abb3ef8ad873
5601874c45cedb3395e69d31,c420b919-bb40-4959-aa7c-8d358a5d5ce2
5448613ddabfae87b7e168e0,276b08a3-52c5-4e25-94dd-26209af91d20
5602151f45cedb3395f0630f,33b3d442-9cb9-4870-8bac-771d3bd6eab7
54345099dabfaebba5856ab9,3dc5cb5d-fda7-427b-a64b-aa5fa9464f4d
53f439a9dabfaedf4359de63,279432f1-f571-4fe4-aab1-4eee0f9dc5b1
53f4476adabfaec09f1cd190,0b851803-3cc2-42cb-b39c-f8cb533c259e
5631e61445cedb3399f4cad8,010e4654-1a44-4620-96ca-492697c77e34
53f451cddabfaee4dc7ff913,c892c07c-d424-49a5-9058-d20b35fc9393
53f55e15dabfae5202f8045b,67f7b859-dc6f-4f17-a7c6-68d8909af44f
5632001b45cedb3399f8c4f6,6e837cbf-96da-4fe1-a88d-f6b4a354705a
5432f0dfdabfaeb4c6a9e874,62644569-e2f2-42b0-9387-372dcf0808f8
5430f065dabfae8f2911cd5a,14256cf0-0294-451f-bcae-98ab741fe045
5601bd4e45cedb3395eab3dd,aa6b09bb-c9e1-4566-9f7c-a37dc837400a
53f48d15dabfaea7cd1d12bf,9798633c-4815-4469-8a8f-ab56aeccf3c9
53f4a8e0dabfaedd74eb84c2,3230e540-32a1-4781-8e5e-e9215a4cc35e
53f4300adabfaee1c0a5574e,eefa59da-3c01-48ba-9638-22ddc738df2c
53f43625dabfaec22ba7f7e3,06170f3a-7e42-43eb-a78d-924fd245ab0e
53f642b6dabfaeae691b3a95,6f44d66e-65ba-46cd-9740-197c92e5e85b
53f39c01dabfae4b34a99cd0,617f9dab-0b49-477d-8b3c-0debdf8b5cef
53f4561cdabfaedce55b1210,40e6cb5e-d278-4258-a991-5bcc313bfc3a
53f43707dabfaec09f182a65,6704a3a8-50c5-41a4-a85c-27034c5fca04
5601ad6a45cedb3395e9143a,25096a38-9429-44c5-a169-2e6454d2e8b1
53f46858dabfaedd74e7182e,3fd17ca9-16c4-44d8-a55f-6b12443a8da2
53f7f763dabfae90ec13262a,1a2b6958-12ed-49df-be9f-f7d60a5606a5
53f3a324dabfae4b34ac7014,192bb239-0ec8-4d46-b082-f9bca3add4f4
5406dbbedabfae44f0863d8b,c2ab261f-83dd-43e8-ac62-e5dbf8e3316e
53f36955dabfae4b349a5cfd,9acb594e-13c8-4f6f-a169-0c1c55a2d118
53f45fecdabfaee0d9c15fc6,38a543fb-e2f3-4df9-aaee-8c770f475331
53f642dcdabfaebd363fa76d,58a5f992-46b0-460e-a080-fa77aeef1eba
53f497f8dabfaeb6cd77b731,b8b68711-34ac-47e7-886f-f0d3597ad13f
53f4d054dabfaeedd377dab1,e86fe722-d9b3-4037-9954-39eb5fcc0958
53f4375adabfaee0d9b6d766,7ad8bd43-68c2-41d3-a6f7-4454c22f06f8
53f432a6dabfaee4dc75c7d2,7e6c7f6b-0486-41b3-9840-5a7ffc4cbf99
53f38c38dabfae4b34a37b02,c1d7265f-92a6-4de6-9f90-354ade10b250
54341b4ddabfaebba58418c6,534d7a42-1217-495a-9491-c1e20adb2f8a
53f39223dabfae4b34a5b83f,2b32b4ec-0c70-4801-8c8c-5921dbcc1c39
5601aabe45cedb3395e8b947,a8f96e6f-e929-42c6-9d09-674a4b84c138
53f466a5dabfaee2a1dafb3b,d9527a41-af1e-4bbe-bbb3-c0bf924ab573
53f39323dabfae4b34a612af,7ca1f39b-8192-432b-ab62-f038391bed63
53f45733dabfaefedbb536e7,653efa11-a855-47d1-896f-b456e7b4358c
53f44c3cdabfaeee22a0e816,db108a55-291d-4347-9f1d-8bfcd7c3f28d
53f42ca1dabfaeb22f3fd1a1,d05985eb-3892-435d-9f4e-a6c550e09e82
53f46d90dabfaee02adb15da,250ccdc4-b44d-4b54-8b0d-32467bb8a101
53f43a8edabfaeb22f498d45,2c93ebe1-12c4-42e9-aa03-617c98c8de90
53f4d1d6dabfaef0f7f80723,4ff4d51c-193c-40cf-9951-7365b9ca09d0
53f43b51dabfaeee229db046,9eb4e3b2-2635-4b3d-a11b-e74cafad2a2c
5448327fdabfae87b7de4171,38be0b11-dab6-4108-b6e7-edeb3204d651
5484c378dabfae8a11fb22eb,d5fd4dbb-88d9-45e5-8577-0e9bfea03ce6
53f35caadabfae4b34974e67,e9cf875a-0024-4c4f-8f6a-f56fa6cf3b92
53f44bacdabfaee1c0b0256f,a917cd4e-07e2-4d0d-b2a4-362733063c91
53f7d638dabfae90ec122fd5,69f3e52d-20ea-438f-8e15-3af046d4358b
53f42c07dabfaee02ac4c7be,9c201e5d-950c-474d-97a1-6c188be7a63d
54851672dabfaed7b5fa1ee7,1ffc8797-dc1e-404e-9a63-721634947203
53f42ec7dabfaedd74d48df3,557e8917-adac-450a-844f-02fcde5ba7f9
5601f72a45cedb3395ee87df,5c12be1e-59fd-4725-8a6c-324fc19d38c2
53f42f57dabfaedf4352fa91,7a60c85a-e5e3-4c69-a54d-40cb6cf98144
53f44744dabfaefedbb17b76,3d1cfbdf-97e3-4447-87bd-0b731c708fbb
53f7a606dabfae92b40d2124,17770709-9767-405e-9066-ee3e51b92da2
53f38c84dabfae4b34a39804,eae914b7-681a-4102-a4c3-4834c1131c73
53f44d0cdabfaefedbb2dc61,3a455070-df35-4fc7-beeb-ca571a81a0a7
53f43053dabfaee43ebeae58,ba8df72e-a537-4732-8314-1a46606f86d9
54053f46dabfae8faa5b80a1,cea399ee-2ab8-46a4-a770-434616992fed
53f45a72dabfaedd74e3d648,d3d4fe28-25c4-4f34-b46c-985b0721d492
53f46658dabfaee43ecf6500,ff845afe-c253-4312-8c98-85a40aa53af8
53f7b755dabfae9060ae02d4,43c838af-d609-48dc-9d6f-1aebf9371ff8
5440fac5dabfae805a716606,477d6959-7522-4c08-9053-5755e607807b
53f39c42dabfae4b34a9ba7e,1c59b91d-1964-42cf-b03f-cf7fc9eb8224
53f3634edabfae4b3498fbc9,96cb4a31-fa80-4c00-b265-3a3a0c228b5b
53f483a0dabfaeb1a7cd15ce,4bad5477-ed82-4963-adb9-1612101e8053
53f45e1ddabfaedf436271dd,56796143-5780-48fb-bf69-2a066b81cc7c
53f4666edabfaefedbb88a76,a732028c-1efd-46ca-86d4-73c25a0edb48
53f4338bdabfaeb2ac03665d,0e62d51f-dae3-4cef-a682-214c1cc86741
54067691dabfae8faa607896,e65f4a4e-1f19-4a23-9b95-78d7a88edfc6
54879918dabfae8a11fb3c3f,b8ceb7b9-2636-4ab0-89a6-879e0b77f6bf
53f475c4dabfaeee22a8d07b,31513288-8c3a-488d-91a4-7fe1609eb9cd
53f321fadabfae9a8445b59d,6f80ceea-2000-484a-a629-12b05da8eae6
5601bfee45cedb3395eaf683,9efa9e68-140d-460b-b707-20b7c79370a7
5485f38cdabfae9b40133a8c,c396eb51-0b53-406f-9fb2-1c72b6754334
54342531dabfaebba5846e9f,95ba68cb-295d-4dd2-870b-554159be0d7a
53f43ac8dabfaedd74dcaaad,e84c4183-c460-4c69-a47e-0b1d7de01a34
53f4588bdabfaee02ad60fde,144a324e-c8b8-4789-8d48-42f7afe87dd1
53f43a92dabfaeee229d2b72,3cb98127-1535-48e9-ad8b-be149cbe56d0
53f437fbdabfaedd74daf30c,0725b9f9-1d32-4b39-baf7-ce6b922509f0
53f78837dabfae938c6bcb18,4783d0c4-a40f-4928-bccc-db7b8a602fdd
53f350cddabfae4b349469e7,10b84fda-3791-4f6d-9696-cde55f9472f8
53f44781dabfaeb22f4c43a9,0865d27f-8bb2-4a6c-b6f6-286b629ba354
5601c6db45cedb3395ebdcb3,c8208e28-e92b-4656-a5ad-d2cc3af3fee5
54408cccdabfae805a6ceb19,2655c1b6-06db-4dc5-86dd-988671b98b90
5487bf29dabfae8a11fb3d25,7e73c3b9-5b75-46b4-ad96-a066ed8fb46a
5484b3fcdabfae8a11fb2218,831b3ee4-bced-4dd0-81a0-c70bab1b33b7
53f446f9dabfaeecd69aed10,aacd381e-b6e4-4553-b8ee-18fac2e55d34
53f42b7adabfaedd74d1933e,8aea7193-a037-41b7-889b-18d38affdcb8
53f4632adabfaec09f232b4d,141198cf-f559-49bc-8166-b50dbbae74c0
53f475f9dabfaedf43683180,457032eb-2915-45aa-8393-b6989f67d560
53f438c9dabfaefedbadf4a8,a36d58f6-16bb-4761-8b23-295c02f636c9
53f45c8bdabfaee0d9c0a7cd,e6d710fa-4801-4cdb-a9ae-0a366c3b2a18
53f44c9cdabfaee2a1d4d9f5,16ddc4d4-99bf-4ced-9525-909f6148b190
53f43809dabfaee0d9b740ca,6e78c412-5a27-47b5-a836-da530d209353
53f369f6dabfae4b349a8317,8dec0be4-e479-4b5d-8aae-06693e0938ee
53f4348cdabfaeee2299976e,4dd54e92-3340-43d6-ad7c-b4f5c5d6d72b
53f4362edabfaedce552d929,155d59d3-7302-44f3-9909-fccf48162004
53f4423bdabfaeecd699f0c9,5a1c831b-bb82-40fa-8705-1663183922f4
53f44c85dabfaeb22f4d9180,be6f8c17-54e7-4391-b714-501c1b5a9716
548f1c1adabfaef989f09796,bc034acf-e020-400e-894b-1260b7bbea4b
5485f1acdabfaed7b5fa267b,64441c3c-ad68-4218-8c56-bd6e33402f4f
53f436dddabfaeb1a7bf7fda,7aa07df8-7524-4504-ad6c-5bc9d4e69dc1
53f464b9dabfaec09f2390a0,9aedae7b-8fea-45d8-a3dd-2593e6475f2e
53f809a9dabfae9467dc9a68,7468d85f-7495-496a-b8b8-3aef95c5a3d6
53fa04b4dabfae9467e1599b,b606c3ce-a29c-4146-8f4a-463195a3c9e0
53f42bc7dabfaeb22f3ef918,7390818d-ecde-4e2c-80ed-0040435dbe43
53f45c40dabfaec09f21a9c0,bfbbad21-89e0-4599-aaab-1dd368f5ae81
53f4699edabfaee4dc85b039,2733218f-ea49-442d-bee7-9973b8d57513
53f439f6dabfaedce554fdfc,4ce504b7-89cf-4ebd-9b97-b8add9d7c2ea
53f44ca2dabfaeb22f4d9963,55ecc3f4-0cf7-47f7-bcd9-086771ea3e79
5601777045cedb3395e5c6c6,efd0bd6e-8e78-431a-8493-5a5536013f9a
53f45352dabfaedf435ffc1f,33253001-93d0-4d41-a10d-e2f0c45619d2
53f461c1dabfaee43ece44bc,d6e1edf2-5e42-49ca-957d-c340df0e7c39
53f434c8dabfaee1c0a8ee87,9391e9db-c1a4-49bc-b901-1b19e8a98b56
5601b91b45cedb3395ea4209,700be345-dce4-4805-921a-a2a9f2cea588
5487bb6adabfae8a11fb3ce0,a278ceb5-5500-4a0e-9c70-5e6b127b09ef
53f45dc5dabfaec09f21f996,dcb3d306-433f-4c90-964b-2c6d61d28e12
53f4c781dabfaee57777ccad,486b8377-c576-4ff5-92e8-6de20ee23754
53f42cc2dabfaedce54bc018,30cfb57f-f0e2-44d0-badc-dc915542a1f4
540881efdabfae92b424622a,7c2b271a-ace1-460b-92a4-90b92a0863e8
53f43ab1dabfaee0d9b8d9cc,69ab11c2-42f9-4033-a5f7-3f4bc0e9b65e
53f3a496dabfae4b34ad068c,c5837513-e267-461c-9080-d4d274c56335
53f450aedabfaedce559d97e,adca96c8-5bf7-42be-86f3-60ac63ef2c16
53f46f5ddabfaeecd6a2f5f5,1ce7fed8-c00b-4f18-8808-95fc36c1ec0a
53f4707edabfaedd74e91656,1ccb805a-d512-40a3-af3a-dad01899389b
5405aea8dabfae450f3c5905,9a9a5d20-c798-4bd7-a012-b20d4d07b606
53f46201dabfaeee22a4370c,6b3279ed-b8f5-4ea8-a25d-d5ea0df0495f
53f44c61dabfaeecd69c4d1c,8ffdaa5d-8e1f-416b-8643-4f1622565ba4
548fd6b7dabfaef989f09bb0,9036ff7e-e258-4dd2-9064-5da767cbc2a3
53f4280fdabfaec09f0db76d,508917a5-0bc5-4f67-a8eb-590eed57c373
53f44739dabfaee2a1d377f9,a9260f5b-9cc7-4c74-b2aa-e268fb1ed677
53f44e37dabfaeb22f4dfe0e,e9643c57-d469-427d-b3ba-a43d57055a05
53f42bcadabfaedd74d1e767,288f89f1-1e49-4fa0-8d57-ce1fa0136e51
53f38e20dabfae4b34a43902,4fe36340-4e2c-4766-a3eb-f14ca61e826f
53f430d0dabfaee4dc744be7,80cce0e3-0d9d-4a3c-a0fe-cec74359bce6
53f472ebdabfaee4dc87fc72,1f96a3ee-3e65-401c-add2-2e13f1ddf650
53f466b4dabfaedf43647159,059454a0-c0f1-4815-a4db-07a74df90e9d
53f47aa2dabfaec09f28c5ab,d0a1920d-bbae-4e93-a73a-6743be4b1316
53f4a4f3dabfaedce5633839,7d75dcfb-8b31-4194-b179-34d29e75b870
53f43a6edabfaee02acf130c,40bf0cb9-3bb8-4b8d-a875-cfb1fbf3417a
53f475e6dabfaee43ed33757,e5f2cd1d-03f5-4822-8c5f-340a23cc3f91
53f42fa5dabfaee1c0a508ac,515d8ce2-d51e-4adf-8aec-e6e577e4803d
53f4c962dabfaee57d77e326,554b664a-d63c-4a18-8367-87b975c0aced
53f446c4dabfaedf435cdbf7,d4fdf489-3982-4117-b5be-df218d4225fa
53f4cc00dabfaeebdaf80762,c6ba274d-02c6-49f1-aa0a-46f1e8669dbb
53f472cfdabfaeee22a81996,4ce98431-749a-4396-adc3-4835072c8f6f
53f43717dabfaeee229b110d,5faa26ba-980d-4c02-95b4-4fc288dcd071
54483bf9dabfae87b7def8be,b5cceb49-7739-451e-b877-ce79d1b62d3b
53f4323ddabfaedf435540aa,dc12b723-2423-4084-b549-4b75657a2701
53f398b0dabfae4b34a84169,500009f9-2371-482e-9e79-1a4d6e9de712
54055740dabfae44f0803fbb,e2a45f03-283d-449b-a0d6-82f34e2dc150
53f42e42dabfaee02ac6c6e7,ae644c7b-7774-421c-a92c-26b6bacbf835
53f4952ddabfaeb4bf77b571,30aafbfc-a309-4bbb-84c1-be67bab8ec4d
53f428bedabfaeb22f3d16b4,6a89c8ad-bc9b-4e72-a5a7-a3838a523fb0
53f7a562dabfae92b40d1cbe,f25b6184-c379-4e1c-9900-f563f78da2e1
5448e38edabfae87b7e8d429,eb871142-70ad-4457-bebb-bcda2224fb8f
53f44426dabfaedf435c3ca3,7d5f2bd7-2ac3-4067-84cc-f2d7f21317aa
5601b71845cedb3395e9e2b1,522299de-c9f3-47a0-881c-bde0e0c45660
53f4575bdabfaee02ad5cb37,177450cd-a78d-49ba-9d69-d09f4c0c5078
548588efdabfae9b40133784,155a28b6-13ff-4057-aa73-b8fe61bb69ee
53f4618bdabfaeee22a41bfa,39ba97b6-6a67-446d-8748-342bdd770841
542a5e8fdabfae61d4972999,b1ffabaa-982c-4cf5-9ccc-9c67dcbc3894
53f430b3dabfaee02ac8ab0d,95953770-b706-46cb-9266-fd2a05336cbe
53f4d32fdabfaef204f809c4,3fcd6bcd-aae1-4267-af60-415d2575a482
53f45a7adabfaee02ad683c0,3f57ef2b-1533-4b80-9a03-dcccbabed0a7
53f456aadabfaeecd69ec193,27cb0c10-52d9-4d8c-834d-baf668a4ccf7
53f492b9dabfaeb15777b699,e1716789-d7a1-4726-b024-26a05a0b48ee
53f448a7dabfaeee22a00a5b,4ae5c7e2-c569-41ad-9e60-1ef98bae37cd
54055043dabfae450f3a41db,c4f6f812-2e9f-4b25-b745-cac821d2aec6
5601a90e45cedb3395e88303,ad8d3cc0-35c1-4f2c-bfde-32c216960f35
53f431f4dabfaedd74d70ecc,6ab2b863-02c5-47d4-aabe-232648a62747
53f4356edabfaeb2ac04ad7e,73678284-5a41-4928-9920-3c1057259f0a
53f43671dabfaeb2ac0533ba,ac79dd76-dfdd-4aeb-bc30-8490455ba030
53f43562dabfaeb1a7beb3e6,bb73be68-7d85-4c79-a27e-0810c186b7a5
53f43abddabfaedd74dca354,68f7b5a9-c458-412f-80d8-240d3b369f08
53f43ef2dabfaee2a1d20927,558a17c7-9a3a-4ed4-92dc-1da33e69ad8a
53f42ba2dabfaeb2acfcec1e,7f493828-6703-4be5-af69-dec33ca9fa34
53f43269dabfaedce55055e7,7aff5e6f-145d-495f-b462-56a23ffe60de
53f49936dabfaedce5623d53,1507c897-52e3-43f8-8196-fc4b920410ad
53f42b73dabfaedd74d18c22,d0eb88c6-4a7b-4a8c-bea7-21ff8ef9a4e2
560186aa45cedb3395e67efc,b59f31f9-86f2-4150-ac2b-9b4cfbbe68e9
53f3264adabfae9a84473213,52ae1b20-048e-4ed6-b447-57186d7d73e6
5440efd6dabfae805a70b08e,958e0609-7c83-44bc-b38e-b64c9ec5f8fe
54410e1bdabfae805a723907,848c5ef1-5173-4f39-89cc-ec9bad9e6467
53f3940bdabfae4b34a66b9f,c08c8beb-a4d0-4480-b995-84140d84445b
53f36f98dabfae4b349bc5bd,b5f6ea5a-608a-41ae-ba65-bff41dac9c03
560186e045cedb3395e68a8a,ab536ebb-3cc9-4390-915c-7474d9f9523b
53f387f7dabfae4b34a1e9a8,4786df93-f008-45d9-a8d5-6503ef1f1bfd
53f42c67dabfaedce54b69da,1fb4f27a-0680-470e-811b-75b70114a58f
53f42cc7dabfaee02ac58378,7d982632-a9df-4641-9fc7-ad81132fa764
54343f7ddabfaebba5853796,112794a5-aaf7-4283-9557-ed16e544b15e
5601769145cedb3395e5b470,c40acffb-69fb-47f5-962e-be29fd50b00d
53f4522cdabfaefedbb41332,d729a036-f859-47a0-824e-3b39275066fd
53f43b1fdabfaefedbaf645b,1abfa480-f467-4b0a-b834-66495ddc3649
53f439d5dabfaec09f19c95b,8b0e0a6a-0467-4604-b415-069f2c11198a
53f43619dabfaeee229a8dad,e07b9073-7ce7-4a24-896c-d25248461714
53f4a0e8dabfaedce562e220,eccd849a-4fcd-45b7-bd16-4cf3831791fa
53f32a26dabfae9a8448896e,38297f16-d4b7-4901-9101-a39cd5eeafd4
53f42fa8dabfaec09f131363,e15b9629-2a1a-419a-a845-68e9a4236543
53f436ffdabfaee0d9b6a35b,a911c7ae-c15e-42ac-8f43-bc43b7b2763a
53f4d278dabfaef0eff81219,c6baeb24-81fb-4538-8229-718eff6695fd
53f467ebdabfaee43ecfc8ec,ed667b93-c75d-4e70-b0d5-22dc6c77c882
5440bde6dabfae805a6ef82f,fb00f7fe-c609-4f12-b9c2-3d0631610c9b
53f46436dabfaec09f236f8c,784e3917-08d4-4c24-9b86-99d56ac7c366
53f44c5cdabfaedf435e49a0,bdd68e6e-5019-43c4-92d4-835c67af2823
53f428aedabfaeb22f3d11f5,b7cf60b1-d556-4cfc-b339-0a6a5dae3888
53f48d45dabfaea7cd1d1e54,cea8b221-0125-4536-b7f1-301e4fdca519
53f4d47bdabfaef350f80678,a4dc446a-78f2-4632-a602-56bc2a462643
5601769245cedb3395e5b485,1e2bf87e-e6e0-4a5a-905b-4039abc02456
5601f63145cedb3395ee7bb4,af7b891b-83d4-4416-a365-5d6cce74c3d1
53f4355ddabfaee0d9b5c6fa,199c790f-becc-4994-ba25-55eb363752e8
53f42b65dabfaeb22f3e8c23,da570a6e-8662-4629-9038-01b04d367ad7
53f43862dabfaeb22f483e50,991ceb24-3891-412a-82d1-b2007d83b06f
53f43b5ddabfaee02acfbaf9,45e20450-bf12-4f9c-86e2-b346a9453c24
53f31d63dabfae9a84441efa,74593f20-ba36-43ce-a979-153e7b1eb266
53f456f2dabfaeecd69ed227,6307004b-8cfd-430a-9d5c-6f7fb54d7ea6
53f436dcdabfaec09f1812ec,4812c2cf-c2ba-4a47-bef2-e2b87dadad71
53f42bd0dabfaec09f0fc626,8ecf0d45-e5f5-41f0-8755-eefd14acee19
54334761dabfaeb4c6ab46b6,af6fc1ab-2085-4b7c-b953-656e945c3322
53f43232dabfaeb1a7bc893d,67ccf69b-6ab6-4803-a2a1-b66bd170f23e
53f44d4cdabfaee1c0b08736,daac608f-88ca-4193-9af9-9903fafd0f0a
53f46903dabfaee02ad9f454,4a69c91e-4012-4ca8-bcea-84fee28ffb6c
53f43b4ddabfaeee229dad23,6b158748-2e47-48aa-9b37-ddf556d1ddf0
53f39c51dabfae4b34a9c047,6c107f2b-9025-4fb4-b8e1-6d6de7c153b3
53f46df3dabfaedd74e87ef1,744dc5d1-105d-4686-9bd4-442a059d6259
53f377f9dabfae4b349d7eea,fcb0b003-c392-4261-a5c6-79af77434e24
53f43026dabfaee1c0a56d5f,314a7cb5-82ca-4eed-a153-6fd2dccfdb77
53f46057dabfaedce55d268a,d43e6b69-33aa-41b5-9c40-c0d2775602db
53f37360dabfae4b349c8f3a,0f53b8aa-aeee-450a-a0fe-4b0d17fb0946
53f43452dabfaee0d9b51914,4980f12e-4a55-42a6-a5d1-4af8aff470e6
563014cf45cedb3399908645,81ab21ae-9836-4dbc-b20c-b13ea7482dda
53f445b8dabfaee4dc7ce50a,638371f4-fad6-4ea5-8286-726adf9796a6
53f371f5dabfae4b349c4101,290b7352-66e8-4294-aba2-f16e8ce7b6be
53f45d32dabfaee0d9c0c9c7,05edec24-68c8-4878-a7be-9be4d6bfcf0d
53f4d52ddabfaeedd4783365,c22d8ccd-da43-42ca-b348-716097f1536d
53f4d2d8dabfaef0f4f81a5f,3ba0f8f7-d29e-4396-b4f0-701b4dabae44
53f37f0cdabfae4b349f0680,dd569461-3a02-4780-8fcc-53abbf483659
53f43b29dabfaee0d9b92de3,6ad27180-fc83-48db-bf47-d39c98b6c338
56108c2145ce1e59622830fb,44ad80c8-cc27-46e5-9f97-6142e069b78d
53f43524dabfaee0d9b5a74c,f2c245ea-65f5-4f33-8bc3-d9c498e704d3
53f44641dabfaee02ad184c0,d0e050b2-9e7f-497f-adf1-3bda14e60192
53f43352dabfaedf43560143,99a31174-d6b7-453b-8c33-c9e91bd9f4f4
5429ffa7dabfae61d494d75c,656a3ee6-53e8-4196-a3be-20ef4e948391
53f47900dabfaee43ed3e1be,e748b320-724a-4e6d-836e-75690f8dd08a
53f42d01dabfaee1c0a2e0fa,adfd32e9-0da5-437a-9ad5-2037222ab677
53f32731dabfae9a844781c6,0165a8f7-1cfe-45fc-9ae2-b21b504f10b5
53f46c1fdabfaee43ed0d783,b5a1cfdc-29bb-4a16-8b57-0ce474e35650
53f7c7dadabfae92b40e2b26,4d32c89a-c033-4a07-a881-0082648d3b23
53f3694fdabfae4b349a5b8a,ca595b5c-f3ce-43cf-8aae-338505d59219
53f45018dabfaee43eca4024,d8f09678-e1d9-4e27-99d8-ba0cbd5c0d1d
53f43509dabfaeecd69535b6,f0f6accd-44d9-4ac7-9476-87c4b5697e76
53f4e0fcdabfaefaec77b46d,082fd45c-b8b0-46db-b7d0-72c6e06aedec
5601c36845cedb3395eb9032,249f80cb-bd0c-4592-ae95-6ff5efbc9a5e
53f46d33dabfaee02adaff21,8b0c2a50-3bc0-4125-9d31-ff3220d0480a
53f43299dabfaee4dc75bec6,63f5b43b-a3a6-496a-a029-42d2d81d0d5c
53f46898dabfaee1c0b707e6,b2355802-7b5f-4f84-b940-3a20d586377e
53f4c9b4dabfaee9c9f80729,7d983cb4-36a4-4407-a290-72c0fc5eeadf
53f45f1cdabfaee1c0b4d314,6dd928e2-7f47-468a-a7eb-62cb3badf1cd
5631676245ceb49c5e0e74ac,1c85b02e-fe26-4487-bee3-ada10266e049
54341898dabfaebba58403d1,09bacd28-5cef-4668-a2b1-515650c41f14
53f47647dabfaedf436845fe,aa806548-81d4-42e8-9fba-0709fc706cb2
53f47a5ddabfaec09f28b8d4,d5b73f98-1330-4f27-802a-b79afa3d27ec
53f42c65dabfaedf43507d33,ea6110f1-7562-471c-b66d-cbc858c4faa8
53f44aeddabfaee1c0aff5e4,ab1140d6-f232-41a6-9a35-05a73b204d56
53f43b3fdabfaec09f1ac61b,96a00799-8a62-4129-8d00-cb3d20556d8e
53f447dadabfaee4dc7d6d43,89262dfa-e291-4383-b665-757afbb211aa
5486d95edabfae9b40134070,bdc53e32-e83e-422b-ac3e-c7c6d76ab73f
53f39e98dabfae4b34aaaf0e,e918f7f9-d58d-419a-9730-db75a094060b
53f4729cdabfaeecd6a3b837,ef08ad75-7b76-44ba-bc5a-0ef764e893d5
53f467d3dabfaeecd6a128f9,da73f7fb-7693-4c85-83cc-c9e1339d6dbf
5406b5e7dabfae44f0852770,bcde0694-9e0a-45d1-a20d-020867a43ef6
53f47522dabfaeee22a8a6ac,2fab082a-2d82-450d-95e1-e14663b514c0
56017c7a45cedb3395e6289f,ca5fb460-0253-45da-8026-03da00bfeac6
53f43072dabfaee4dc73fef3,60d37f5f-e8d1-4368-9f96-6238b6549c1e
53f46667dabfaec09f23facc,8e776133-031e-4746-9a11-5fc8ea147c71
53f42a75dabfaec09f0e6015,3aa3f374-331a-4827-87cd-7445b5e00c19
5601a4cc45cedb3395e8520e,dca25077-62b4-4fcf-8c87-8ba18f0c1c56
