editorid,journalid
53f468e0dabfaee4dc858237,621ef1db-1f39-43fc-8848-bb366059bec4
53f43b25dabfaee43ec5e3b3,d3422460-690e-44bd-b35e-5a6d95afa7ea
53f46e38dabfaec09f25e6b2,5ce37a1b-8ac5-4a96-b41e-6640455f77ee
53f430dedabfaec22ba448f5,a22821d1-5518-4af4-bf4d-735a5632660d
53fa0045dabfae9467e1455b,5182ff57-eec1-4fd4-a955-79a15a287057
53f42dc0dabfaeb1a7b8feb4,7d603154-2024-4873-b35b-f304b622fb12
53f4390edabfaedd74db9f10,55530971-e1b2-467f-93f0-a5d9f63baa9c
53f79e4fdabfae9060ad31a8,db792fbb-91e7-47ae-a552-6204c36c3c4a
53f432a2dabfaedf43559099,1b1f3228-806a-43e2-9374-8973a6f43495
53f7c53edabfae8faa4b287a,e96d7fe4-ddb9-4867-a9ca-738f5338b7df
53f43144dabfaee4dc74ada3,d41fcc8e-c270-44f4-8892-4600a879eebb
54058c97dabfae92b41e2258,a4059e9a-b41e-4591-a24d-89853252e860
53f439bedabfaec09f19bf12,a89b523e-e59c-414b-881d-a78b6bb3fa44
53f45585dabfaedd74e2a845,9f55d3f9-2ab9-4310-8bbe-ded1948d5ba2
53f4c82fdabfaee57977d9fa,6c4d3f76-65d5-4fad-af2c-32bbf3e88d1c
5405c37cdabfae450f3cee27,0b712240-29f6-473d-93dd-a2e652426da8
53f44597dabfaee43ec7ac56,ed66f710-38cd-4a5e-90ad-5fe426d60107
548dd8ccdabfaef989f09178,b03d2764-90e4-49d7-a13e-4542d5d97c5b
54056221dabfae44f0807bf6,299bd8c0-10e2-45cd-90c0-6d78f667144f
5433e580dabfaebba582c585,3b1add2e-c2d2-483b-b0fe-974028c501c5
53f4503adabfaee4dc7f8eff,4ff6f04d-e714-4c66-8366-e1d210871382
53f43333dabfaee43ec0e9b1,82ee98c9-4857-4c75-8b18-d88aa9fd9090
53f43451dabfaeb1a7be049b,1c4b84aa-fcbc-4863-9a85-7c8fbd75310e
53f46445dabfaee4dc84551a,9750b82c-4075-4bb7-b07a-339a513134bc
53f437a0dabfaee4dc78de1e,408fe675-13be-4a95-b3cb-75a7a29cf1e7
53f43ac1dabfaee1c0ac7812,eb0d0c00-cdc9-4df9-83d5-b56402f23b80
53f43195dabfaee4dc74ecd9,b913dda3-4e51-4e71-b752-db343d6aedb5
53f467b3dabfaee02ad99fd5,241af18c-29ef-493e-a4ff-5a2a7ba29eb3
53f4622bdabfaee2a1d9de89,c581e444-3666-4685-a844-47b7b70b7d3b
53f42fe3dabfaee4dc738b6e,5009ed46-a631-4cb1-a75e-a82a9dda2471
53f430dddabfaedce54f1a59,c483919a-a01c-409b-b6c5-ed25e6d6d6aa
53f4406bdabfaeee229e7403,ef3efbc9-a67a-4e40-8440-d5c4126a3129
53f42f3fdabfaee02ac787cf,0ce7678b-017b-4b05-8d44-f299c27e325e
53f45062dabfaee43eca52a6,7eba631e-d077-414a-b1bb-a7b2c89681ed
53f3916bdabfae4b34a57517,394dcca2-b570-4339-bfba-344ef0a30b25
53f46ac3dabfaee4dc85fbf9,32afd4d8-6a83-444e-9a23-ab64a2975158
53f45de5dabfaeb22f51c824,68c877b4-10e7-4331-a875-1998e3402a38
53f44dfbdabfaeee22a14caa,41872238-ebe4-4a55-ac28-a21db048f232
53f4420edabfaee02ad0ad20,066af1a8-28ca-457c-baed-45aafb637fdf
53f4587cdabfaeb22f5091c6,204e7d4c-6376-4ddd-9a16-22ebcdf72b97
54480d43dabfae809f4d107b,3d82473b-0b2d-4c9e-9ef3-7d92e1269430
53f3b07adabfae4b34b1931b,1e0dea74-9e72-417d-87c0-ed14b32196bc
53f32865dabfae9a8447eb31,36a3ed16-246e-48f8-91d3-83cc6411349e
54067afadabfae92b4209b5e,f9934811-9db9-455f-b79b-8c7305eb604e
53f432f5dabfaec22ba5e423,f3b07703-e62a-4888-99f8-c05e82abc125
53f4500edabfaedd74e14dde,d599c989-5d20-473c-a79a-1d6d84f22817
53f47166dabfaee02adbfc41,bb40ca26-84ca-4196-b8f5-0305db943711
53f42eb5dabfaee1c0a44a04,abcf7137-72c7-4bbc-807a-606fcfcebbf4
53f32857dabfae9a8447e6b5,1eaa8026-3415-4326-ab7b-9f6a7ca115d7
53f4305ddabfaedf4353c2aa,5566ef69-fc41-4b4b-beb3-76497e25b426
548c4a49dabfae8a11fb4ae1,d87c687d-b862-4545-8387-5b44eda8d573
53f441bedabfaeb22f4b0899,55b03b5a-3a42-4d78-9577-c30752657258
53f42d57dabfaeb22f407950,1c3c9856-9d73-484e-955f-83a2fee44652
53f44053dabfaee0d9ba18b0,8d785037-f4a6-4257-8b03-b0ec6f9bddd5
53f4c98fdabfaedce56660aa,f5cfed44-652e-49a8-9f2e-ec3504d7f75f
53f45bb4dabfaee02ad6c698,762608a1-24b6-4644-a5a4-ab73117507d4
53f45b51dabfaee02ad6b040,c6d19cc7-1fed-4809-bb40-d7624797160b
53f42f2bdabfaedce54dc472,6c7e9e38-ee0e-454a-997b-d064fdf9e2f0
53f42db2dabfaee1c0a37bb9,9c1c42c8-fdca-4bf5-8f6a-d1e0de0fbcfd
53f449a1dabfaee0d9bc0835,c49ed15a-87a7-409a-a782-3b1e039078c9
53f39d57dabfae4b34aa2e23,12b82fb1-44b9-4c2d-b4f4-072e3d44c240
53f35e65dabfae4b3497b6b9,e20f9d12-b143-4d09-9447-fa8031768313
53f44c72dabfaee4dc7e9d9c,77436f5e-b1a9-410f-a4fd-112e818ab0ee
53f7b2aedabfae938c6d0df0,b6fde81d-b6c2-43e9-820c-ae3c28a3cd7b
53f42d4fdabfaee1c0a32746,80db8204-8a1a-48f0-af89-ce81273fef8a
53f42e8cdabfaee43ebd3b9c,b562603d-2cc6-4609-880e-a08998c6b4ef
53f42fdddabfaedf43535d55,3f75a1fa-536c-4e4c-97ba-5f843cf7ffda
5440e0a8dabfae805a701ac0,06f86fdf-1525-44b5-8699-645d744029a7
548c9afadabfaed7b5fa44e2,d6cec4f8-943b-42bf-ba3e-db3b6211be77
53f470f8dabfaec09f26897e,7b05874b-be3e-4d6e-a785-f7ab63b36bdf
53f43157dabfaedd74d6947e,681a1a5f-6342-4084-b061-cff51308e7dc
5601875245cedb3395e69f5d,3d0da1eb-8d03-4e29-8d5e-79f4bad2e8f5
53f430d0dabfaedce54f0fcc,b1b14265-3620-4f6b-b562-671148637525
53f46a15dabfaee4dc85d05b,46bde4fb-1488-4b27-80f0-0500ea781ea4
53f35c54dabfae4b34973b8c,849c4782-fc24-448c-85f6-48b64470a04c
560b9a8145cedb3397372d9b,93a1a5bf-542c-4ba4-8118-7449f89e6e92
53f4d66bdabfaeedd878483b,0f28200a-24f3-4dde-b86f-b5f62474a4a4
53f63313dabfaeeaf7c71628,d228aefe-7091-425b-b196-98b956b3222c
53f438e5dabfaeee229c2e9d,c532ed0a-ddcb-4852-8d25-c405dd9e709f
53f437c8dabfaedf4358c583,721c6648-52c8-49ec-9dc9-940d2b26ff8f
54056ec9dabfae8faa5d0f89,e166b6c6-2de9-4626-95c4-ae141511198d
53f9cd99dabfae7f97afecab,4a2b6f60-6161-4ac7-9d09-079bf3e8cdd3
53f3a94adabfae4b34aecd89,fdd968ff-539d-438d-af12-37c1920058de
53f38215dabfae4b349fbb65,2c680c14-47ac-448c-bba9-4a6f04fe614b
53f4d6e0dabfaef55bf80aa3,1fa0603d-6f29-45cb-aec9-88673f880d93
53f45a64dabfaeb22f510298,aa4f78e2-e127-4bb3-888e-3ce06c00c155
53f5b8d3dabfae5537f8045b,cb7d3823-b97a-45c0-a3f2-a1e39c2b1985
53f451b9dabfaee2a1d61b52,cce14178-7a68-4eb2-bb28-4ac2f449062b
53f43daedabfaeecd69963f1,f5603cfa-a71f-4aaf-8ee9-21c866c98698
53f4310edabfaeb2ac01851a,6af013e0-cbd5-464b-a94a-6e49c5ba04db
53f32461dabfae9a84468a02,2a9c574f-5c57-462b-b604-a31afb6301b6
53f38ad6dabfae4b34a2f3b2,bf77ad57-e35f-4d5d-9ec2-d732ea7380d5
5448599cdabfae87b7e103ec,ec8ad4a9-5c35-4de6-b936-ada9a29e5b4a
54487f4cdabfae87b7e33387,eacdc1b5-6cbb-48aa-8e61-f25ee894b508
53f43101dabfaeb2ac017ba2,1acf8711-c748-4c35-8249-5eaf2a171adf
53f46424dabfaeecd6a0467e,f2ee1a68-54f8-4662-a0df-572a95e2eaa6
53f42cccdabfaee02ac5878f,c09e509f-65dd-4d08-a642-d90c28bd8184
53f44522dabfaee02ad13d64,a1f53cd9-4dfa-4137-9575-f77ba259a394
54857d42dabfaed7b5fa22b3,07c1a958-2d62-4327-b563-7512da4c7ce9
53f45f6bdabfaedf4362b7b5,c8067c8b-ae4e-4bc8-bfab-8d1400dee9a1
53f43767dabfaee1c0aa6509,ae13718d-6eed-48f9-bac2-50dd0e43fcbe
53f466f9dabfaeecd6a0f437,560228a9-8303-4acc-abae-5c5ba3a27351
53f43052dabfaedd74d5be13,bd1b828e-27aa-43d7-882a-21d442fb273f
54331c0fdabfaeb4c6aa90f9,2e07bfe3-bdd7-44e3-a37b-c61341b712c7
53f43502dabfaec09f170cd3,d62ec6df-daed-489d-95f5-965f12dd01a1
53f4340adabfaee0d9b4ea32,cba88d0c-95e6-4471-b1d0-bb03e82480f0
53f468acdabfaee4dc8573a5,fc717c5c-65d6-42a5-8b61-690da3f2f62a
53f438a7dabfaee43ec4547e,bae91660-813c-4cdf-a886-8556da4ee3b4
54854870dabfae9b40133537,63139a86-312c-461c-87c6-925d50e11838
5601e3cb45cedb3395ed5365,df2ddbc0-fcad-4bf6-a5e2-17796764333d
53f45690dabfaee2a1d74a2a,7fe82f5e-12c3-4fb1-8f37-9f59fd55819c
53f44af5dabfaec09f1db3d4,895183af-7ecf-4d95-8811-92e40d3752a3
53f47049dabfaec09f266093,5683e2d8-5808-4166-a894-a3fc79799920
53f44380dabfaee2a1d28fc5,fc9e2800-e495-455d-9b15-04ad3404d365
53f36926dabfae4b349a529d,00f50560-bc87-41cc-bb0b-ca73450d7168
53f454abdabfaeb22f4fa48f,3c759638-10c4-45b7-aafe-03bdf6232e5d
5410ac41dabfae44f08cedb1,a670e3be-f0c4-41ed-91d3-ff71c77654c0
56018d2545cedb3395e76676,de49c843-4e7a-4006-8fa2-0c1b800c6b70
544890f1dabfae87b7e44ba6,339c694b-b36e-46d3-aa25-eaf212a1df7f
54410531dabfae7d84bd3c19,9179f022-bb0a-4048-8822-7a2cdc4e64d7
53f42dabdabfaeb2acfee2e8,cbcc7dcc-5728-40e2-8ea1-1b8c7877a1e8
53f447b3dabfaeee229fcb3f,a5f4a1c8-81bf-4eaa-9c45-afd66772938f
5434ed98dabfaebba587fd1d,7854d3cb-8d9a-442b-8b15-d01c41527eb5
53f460b4dabfaedd74e52c2c,4d3fd119-f2fb-4d16-ae75-0e05e650c000
53f43563dabfaedd74d980b0,f3017d7f-39a5-48ad-9583-31ba09a9a994
53f46cf8dabfaee43ed10b2d,41eb132b-2c3f-4847-871d-b7e28b215273
54852960dabfae8a11fb26a5,0e43732d-203f-4f2b-8166-d77640b67559
53f438dbdabfaedf435974bc,b383f7e9-2e8a-44a9-8289-cf63ce7010db
53f4c8cadabfaee57877e13e,647f49bb-fc9a-4f35-87fb-0e611376e6bf
53f43497dabfaec22ba706a0,4150468f-9350-43f0-9e58-119725967a61
53f387bddabfae4b34a1d456,c699631b-2fee-4526-b555-bcb2783bf0f9
53f49d3edabfaebfa677b5cb,3fcc0294-2458-401d-b9d2-1b5c5418706d
5406a5b7dabfae8faa616b3d,769327da-8931-45ea-a2e2-111c2066136d
53f4588edabfaefedbb58679,3ab4f4d8-a026-4366-a768-a32e633abb26
53f436b8dabfaeb2ac055cb2,71e4abd6-40de-4265-9ad2-c18c355eda97
53f431bbdabfaedd74d6e181,9a2c8ae0-e67d-4a2c-946a-2f734bb130ee
53f37ae0dabfae4b349e2098,08b1f36a-afab-4cb0-a80f-4914779c3996
53f453aadabfaeb22f4f629e,04431a0c-06bd-468b-a9d2-f4d9d1b8b5bc
53f46903dabfaee43ed01134,86c29ca6-0f1a-43ec-9742-1cea42a97dd7
5405cf1ddabfae450f3d4aca,73c801da-2194-4c5f-adcc-77c7a31ff439
53f42fa8dabfaee43ebe23ef,2c8d909c-cc38-43f4-abfd-88f57c0b37c4
53f4320edabfaee1c0a702d0,ee733b41-9262-421d-8280-95c0d64e1351
56075c0e45cedb3396a90eb2,2f8e51f7-ef3c-44c7-9223-5544714fa33d
562ca6ca45cedb3398c86a66,0f9b8d16-d9de-4905-9d2b-7e71fbf30caf
53f453aedabfaeb22f4f637d,1455ba1b-0c47-40a9-b760-f9e6be09ef86
53f43032dabfaeb22f42b944,327dbaaa-acff-41f1-b241-7dea5019c98a
53f446f2dabfaee4dc7d34c5,143e8535-77af-4920-99ff-4a00f8e64f0a
53f43259dabfaec22ba57b36,7a2cad9b-f3ec-4436-9fe5-0ef991695937
53f44edcdabfaee0d9bd594e,15fa343b-b580-4a60-ba34-dee1da74e097
53f439e8dabfaec09f19d15c,70afc3c1-8517-4690-846d-099fc93368ef
53f42dbadabfaec22ba1c64b,547d6e1d-d96b-478e-94ed-a71afa6668ba
53f47310dabfaeecd6a3d390,7d3f50a1-0d45-4e2d-9e20-34e6406486c1
53f3aa92dabfae4b34af4702,c1207e0d-c25f-4bcd-a32d-67e2ca3c704c
53f64247dabfaed4c20f3cc2,baa9e6a6-a8b1-40db-aa62-cceefdb0b17f
53f32d28dabfae9a844991ba,0b052485-1104-4e94-bdfe-4421306bd426
53f4648edabfaeee22a4cb7f,b0d76d7b-384f-456a-ad32-0f28030d5fcc
5405969fdabfae450f3ba448,6868e7b1-3f44-48b8-acf4-6ab1ed00be47
562cbd4045cedb3398cac1f9,84fe7c65-a622-4bac-a394-10ac93bfa2e1
53f42d58dabfaee2a1c7b89b,fb73be9f-829b-46ff-bc3e-a2b97b49c877
544102d7dabfae7d84bd2ca2,72a550eb-0aad-421d-b0e9-8d7886d27a49
53f431dadabfaee1c0a6d8c1,abe5e43f-46ff-47b5-93a6-6016c2d3ffc9
542a46eedabfae61d4962805,3612a410-8d74-4466-a815-c885e91634d4
53f38b91dabfae4b34a33c03,f72784bd-add4-4b5e-8555-a17dcb74cd76
542a550cdabfae61d496cb60,ede535c7-0592-4d7e-90ae-f34597654841
53f4507ddabfaefedbb3ad4b,618fb193-08c2-4402-a953-7935ba1ab744
53f78e17dabfae9060acb543,77af6de9-499b-4a27-a13b-e3b56e20dff3
53f39c54dabfae4b34a9c195,d559c648-76bc-42fd-ab5b-cfcabc833fee
53f4380bdabfaee1c0aac821,49898c89-061c-43f9-b194-ba44c0718471
53f4371bdabfaec22ba87612,0a251711-15df-4d55-8f75-76c96d890df7
53f42cb6dabfaedd74d2cd66,d0a77042-9ffc-4eb6-b884-333df396294d
53f46417dabfaee2a1da5baf,7e9d5532-b172-4c79-ae6f-1e1920792ef1
53f48082dabfae963d25a84d,e086b34d-efaa-4e88-b116-40b203b24bb7
5405cdc2dabfae8faa6024ea,5ec5ad93-a657-4450-a8de-c1fd54e27262
53f43b37dabfaedf435ae296,a4b2c966-7223-4eb7-aae2-05279fd5858d
53f45f44dabfaee4dc8324f8,a645ae6c-c13d-40fb-b6dc-3ba54d1e096c
53f42cbbdabfaeb22f3fe93f,bd21d36e-132f-420e-8ed4-e13c427b14cd
53f430abdabfaee4dc742fa5,7af42733-6ba2-4ea2-854a-6bb7091d02a9
53f46c3bdabfaec09f256af3,ace63044-908f-4997-a620-eae25465d227
5601885945cedb3395e6c053,d359c768-c083-436c-8b9a-8d7b5b9fa8b8
53f45057dabfaee0d9bdba68,0ac98512-1b20-4003-a26c-dd8a0e0acf47
53f42f38dabfaee2a1c93b84,76d17231-9bc6-4693-85eb-c038edb188cc
53f3ae2fdabfae4b34b0ae8a,02a36972-114e-4c6c-b1f6-793c406d30ac
53f42e42dabfaeb1a7b96cf0,9e768aed-85a8-4c7f-ab17-0c19c1a0ae67
53f46356dabfaeecd6a01276,c940eb49-8862-4efe-a7ce-49f8fc0c64a0
53f38cecdabfae4b34a3c436,1e8d7a96-84b6-4d06-a760-6ce739251e68
560176bc45cedb3395e5b775,d5c9408b-de16-4c9f-999a-d3c72668c67b
53f45022dabfaedf435f2c37,83a7abf7-4cca-4fdf-b373-7da70dcbb4ef
540944a2dabfae450f471292,03c4cb53-6aa4-4bd1-a6e6-5ae8e1209471
53f45505dabfaeb22f4fba90,31083eac-becf-40d1-bb7c-4e953d850ee6
53f42fefdabfaec09f1348f8,84fbf3ef-40b9-4be9-81ce-63261795646b
53f44d9cdabfaeb22f4dd6f7,f3018629-9c85-40f3-b53e-ad3ed3ae8220
53f43371dabfaee43ec116dd,987afb89-5b98-4cb5-bbfe-4e8fdabc4360
53f458f8dabfaeee22a3d8df,8cdd81ff-fbab-47ef-9088-cdffd3eb38d3
541079d1dabfae44f08b1d17,055c4dd4-7c0c-46e0-b3fa-ab1bf1215c8f
53f4376fdabfaedd74da9d7f,0f21c597-5844-4803-9300-d150353bd83b
53f470b9dabfaee4dc876fb5,3955ca3b-0798-40cc-9846-b474911c6e22
54056cafdabfae91d3fe18b1,50bc9e5d-1ced-4453-955f-df412afa5104
5433b8d9dabfaebba5820c59,defaa0b3-7efe-46cb-a6b7-3c7fdd01ca95
53f43dd9dabfaee43ec67ddb,a1092e7d-c89e-462d-97ad-d365bc3284e3
53f43a40dabfaee02aceeaa1,8a2b8f4e-1aec-4ab6-8d64-8ec93a840f29
543539c7dabfaebba58b5bac,324555ec-dc66-4f03-8778-7d85e3452388
53f433a7dabfaee43ec13ee7,df2b6f2e-ac39-4018-948e-c8cbeeb46167
5447f880dabfae87b7db800b,31038b3b-bc1d-4204-a6bd-3a7db05e4e7d
53f44befdabfaec09f1df000,f9ec8476-390d-46d7-af31-581da842d868
53f44a17dabfaedf435db9d3,464a1642-4e74-4c0d-bec1-4c1a99cf94d7
53f46e09dabfaec09f25dad2,431994c7-715f-4eaf-8b59-85ded62f453c
53f44ab7dabfaedd74e001fc,30094f03-a182-498f-8c28-511ff57e97a9
53f4413fdabfaee02ad095b2,66dbc7f8-11ae-4a1b-9e9b-9b66be59f80c
5410130bdabfae450f4cd7da,b65bd202-eb91-431e-8ab4-f8060f9d4266
53f4554bdabfaee1c0b29277,bc0b430a-f9f9-47b3-92b2-84b81f8490bc
53f42e42dabfaee4dc725188,8e172165-aff6-4370-a90c-7474826cecef
53f44d26dabfaedf435e7873,c8137fe5-5bbc-46b6-817c-680532a6e11b
56cb18c5c35f4f3c65661948,65db5ea0-9141-4e28-ae64-4b175e16edcb
53f7e288dabfae9060af44bb,7983cb70-441f-4893-aa03-87df71e13d4b
53f463d5dabfaee2a1da4a4e,af64e468-e04a-4adc-83bb-3eb7015e1bf3
53f4311adabfaee2a1cabf24,97ea24f8-2c0a-4fef-b1ae-fa471312dd1f
53f454d4dabfaee0d9bedd24,b5f3afd4-fd50-494f-9f2c-349d26acb66b
53f44b70dabfaee2a1d4918d,23806b0a-a18a-4f10-8ad8-3ec4502cf5df
53f4d282dabfaef0f3f8158e,ce131665-c090-43fb-815d-1704edb5b2ae
53f43385dabfaee02acacf0d,dcd96e10-a616-4dc9-937b-67db8fccb59f
53f4370fdabfaee43ec35e3a,0a1d85bc-fe6c-4e12-a074-a2a50b527ab3
53f435b4dabfaee43ec2a3af,1f422f33-84ce-4b8c-bcf8-d52c0294ac66
53f55bdbdabfae4e09f8045b,ea667738-0d47-4e66-8869-1168744b2e39
53f43acddabfaeb22f49b808,761c8048-deaa-46a3-b2b4-d4c63ccf4b9f
5448e7badabfae87b7e911b2,b3e3d15e-0801-4ab0-b3e1-341f56fa7769
544846c9dabfae87b7dfc6bb,8e8d9ace-4450-4164-a67e-5446dc3243f5
53f4530cdabfaee2a1d670ba,01747a62-9920-470c-9610-d4c447a41677
5448398cdabfae87b7decaca,2f420066-2a18-4c0f-92b7-7eb4e7c2a5ab
53f7b9e6dabfae938c6d47f2,3d181d50-1131-45f5-9447-ac862bd6844d
53f4753edabfaee4dc8892de,e1dd9107-e78d-438b-93b6-dbe8284ec0fe
53f3272cdabfae9a84478023,f0618738-71df-4379-ac80-ffc496d6c9a7
53f38053dabfae4b349f554c,27aeba4a-2f57-4ae9-979b-dcf6a26bf148
54327f94dabfaeb54215839f,76625217-e10f-47a1-8942-33646298fdd1
53f4328fdabfaee2a1cbee5e,b04ac697-798b-4eaf-819b-5c396e628575
53f3221adabfae9a8445c121,76fab6ec-2940-411a-98c9-927d620fdadd
53f45c63dabfaedf4362134f,795a4157-b91a-4906-b89b-17f53369f315
53f42cb5dabfaee0d9af32be,a4bda87b-99f5-4883-8aee-8b6cc9860bb3
53f43489dabfaeb22f460042,956b0dd2-7259-4d5e-9a8f-cf36aa4dd14d
5601ad6245cedb3395e9124e,6576f636-12e2-466b-893e-f67842ce0fce
53f430c1dabfaee0d9b27b19,31f40352-bb1a-429f-8361-50820ddf196a
53f353d4dabfae4b34954000,fd6cd2a5-3efd-4f55-81bd-ba454808ef11
53f48622dabfaee4dc8b1195,89f4cc98-7582-461d-98ae-07922f040c15
53f454ebdabfaeb22f4fb342,6e037c47-a10a-40ac-a6b7-e5fca3d8fdd3
53f42de9dabfaec22ba1ebb4,84f4e146-a1dd-48ec-b3b2-5bf47293024e
53f474c4dabfaefedbba75b9,f94d9592-72bf-4336-8385-0615aeac74bf
53f44592dabfaeb22f4bc490,86264afb-6b0a-4c23-ade7-de9f6692457b
53f4979cdabfaedce5621a32,d802b5f0-9242-46d3-a506-b23bf9ba9621
53f4684adabfaedce55efbc7,e3a3ac4a-9336-414a-9cbd-98eac9fa2795
53f43767dabfaee2a1cef741,fb05e284-ea71-44e9-a1fd-bcba907aa294
54880845dabfaed7b5fa3457,1878942a-c693-4280-9413-017dfe6cced6
53f43e5ddabfaeb22f4aa11f,469faba3-8121-487a-8d26-a16c14772c5b
53f42c71dabfaee0d9aeee4b,ddbf9bdb-f083-4e9c-9dd2-adc59580a462
53f38951dabfae4b34a26bdb,a4961c64-b00a-4278-8946-30570a301fe2
53f4ccbddabfaee57a782c48,04143537-737a-41de-b2e5-8e1500993f90
53f39c5bdabfae4b34a9c44f,e3ddd9b4-e147-42c5-9a1c-da3db4aebcdc
53f4760bdabfaee02add2c39,a4cab0fc-a478-46f7-8fd8-7ac6edd331c3
54090553dabfae450f459495,599af9a6-065f-4855-85d0-c6ee4704257a
543505b3dabfaebba58907a7,d340c21f-ca83-4f03-8a59-dc15ca81387f
53f4309adabfaee2a1ca5a45,aff92296-5bc8-45f5-b036-70ab74b5e90e
53f43d88dabfaec22bab206e,bea6ce51-75d0-49d1-9dff-b8cc81cc3416
53f446ccdabfaeee229f8fc1,1f3c38d1-ff6b-4fbe-956f-83638b470269
544857b5dabfae87b7e0e08d,b07d0b63-2a1c-4902-bc99-98bcb457aacb
54480a32dabfae87b7dc9520,212b1dac-06fd-4e05-8345-39d303fd2aaf
53f47502dabfaee1c0b9fb94,111fbf12-3b45-495b-8540-738944cdd7ea
54314adedabfae8f29141bca,72549594-7b26-4096-8213-f1b0733b9587
53f3b0addabfae4b34b1a2d4,dadf7d3a-d254-4fa1-9937-a2bbf840347f
53f4c75ddabfaee57d77c0a1,f36f6072-ffe4-4828-b68e-08706b4eeeec
54068d98dabfae44f083fe63,5f6af619-5b86-44b1-a318-efe1a183a464
53f43019dabfaee2a1c9ebd2,06a3b16d-428b-4815-abe6-11f825d59da6
53f45242dabfaee0d9be37f4,1399d7cf-af6e-44f9-bf95-ff888b036f68
53f38aa8dabfae4b34a2e27a,79820697-745a-4f18-9d65-0b94d4e2bb36
53f31c1fdabfae9a8443aca1,583ec6f3-b398-4a4b-888f-0181d220d624
53f38348dabfae4b34a02f33,461e11e5-3384-4226-8277-388c436f1677
53f79cb1dabfae92b40cd4e9,1e7bae85-c520-4506-83cb-94d804efe1f5
53f49870dabfaee0d9c74ca5,8695d781-685c-4066-a91d-26c2004a7704
5447fde2dabfae87b7dbd61e,ea8b8c74-196b-44cf-9d91-67c2ca596018
54108845dabfae44f08ba73c,b95e092e-fb24-4260-949c-06379e3532b1
53f43104dabfaeb1a7bb9534,18fb81ae-2e86-4ea6-8570-534a60430e8f
53f43039dabfaec22ba3c2d5,3b9d7845-9a75-4061-a8d0-2da34878a9f8
5448e193dabfae87b7e8b4fe,5466930f-24a3-4a95-8d94-69915c21569f
53f431aadabfaee2a1cb329f,c5a377a0-c472-4779-a049-1aa464570841
53f439dcdabfaedf4359f59f,0f3088d1-27a5-43f5-ad85-3becfc8fdc5c
53f4356fdabfaee02acc1e74,2cb985bc-1c53-47c6-aab3-fe6fa2e9d900
53f38e3adabfae4b34a44143,3fee7030-0e53-44ad-844b-47cc86d49748
53f436eedabfaee43ec34d64,5094933a-fe52-4bc2-b6b1-9031a447ce84
54090900dabfae450f45ac02,dbaad27e-63e9-45b5-badc-57029e9e4575
53f4438cdabfaeecd69a1ba7,bf3ce795-84ef-43f2-9b86-2b609f44ec92
5448257fdabfae87b7de19ba,6a2ea11a-938e-419b-acc4-a6be43b5b5a9
56cb18b7c35f4f3c6565d822,38799dae-537d-4964-a38a-4a79d2aaa3eb
53f430d9dabfaec09f1404be,c00ee292-4e84-49a7-bd56-509250fe9390
53f47ef4dabfaec09f29b8ad,643c212e-2bad-4cdd-9a13-34b10e464dc8
53f42e06dabfaee1c0a3bfa7,db2ddbf9-6440-454b-8844-b711f32e0dfb
53f39d53dabfae4b34aa2bf7,f1ceb6a5-04d3-472e-a974-4076006ce163
53f47214dabfaedf4367310e,7ffb0650-bbfc-4a14-9f64-c4a977f38efb
53f43a34dabfaee1c0ac0ea8,6f3bc879-73fe-459b-89ca-5babafa7f6f8
53f42e8edabfaedd74d45e7c,59ba1812-af81-4f0b-afa4-3118652820d9
53f44dafdabfaec09f1e570a,8a86e4b4-5d8d-4b63-9dc2-02c611fd5da8
54871ea6dabfaed7b5fa2e23,baf53264-8002-4c77-9dac-f94cc8b5c2a9
53f44747dabfaeecd69afede,1d823f77-3b7f-436f-be0a-fe9f0e5e4cfa
56017b7845cedb3395e61071,a2706dae-9c65-47db-b124-629d3dc619b0
53f434e4dabfaedf435723a1,0f034bd1-550a-44af-9f68-077c0bdc5c68
53f438a7dabfaee43ec4547e,561cae1b-83c8-4b65-b25a-ea7a609b0905
53f43529dabfaee4dc7784e8,8b23e534-5fec-4a12-8fff-28ca80360659
53f37c9ddabfae4b349e7b91,22779bd7-89f0-4000-8727-dd8ff651489a
548cdbc0dabfaed7b5fa46fe,ce45848e-5afc-47e3-86b0-2c05e5492a35
53f45c55dabfaee2a1d89c53,a87fd62b-29cb-4006-8ac0-4a09238e26dd
5432acd8dabfaeb4c6a96173,fb60d5fa-3d7b-4972-81d0-572cdac6cc01
53f4a55ddabfaedd74eb7a1a,7b684326-c9ed-4122-b274-bfa865a8979d
53f42eecdabfaee0d9b10bb5,60c4d26d-6f30-4b61-9ca4-9be3a39f48a9
53f44bc3dabfaedf435e2377,a7ffa715-e938-4d4c-9232-f95b7d1a1e27
53f824fadabfae92b410f0bb,d01ca799-989e-41fc-a830-9781660ec797
53f44e78dabfaee2a1d54ae1,479a962b-a296-40eb-b51a-ed7057e63cdd
53f46f4bdabfaee02adb7ece,c8a60a09-ead8-4699-8dfe-84a6853986ee
5601920945cedb3395e7e216,34c5aba9-5d96-4c83-bc14-e305dee2b2dc
54329208dabfaeb54215e1a8,b6ff05fe-5575-421c-8143-a6fe8d084dbf
53f43b3adabfaedd74dcf4f9,ff667bf4-712a-485a-a93f-32b5db3a03b0
53f3a225dabfae4b34ac0ced,4fe968a1-5598-4802-889f-678e92512421
56017d5e45cedb3395e63aae,2416ac28-aa79-47b9-b2a7-0a3774186e81
53f43435dabfaee2a1cd1526,c52ddd49-204c-4771-8d9b-4ed4a6ea07c4
54324d73dabfaeb4c6a7dabe,9bfb41d7-cd9d-45a9-b047-b2f75e4b3c87
53f46519dabfaee43ecf194d,0a0edbd2-6ca5-41a9-b5fe-7338192c4998
53f438e0dabfaefedbae07e4,e8cbe622-e0fa-470f-bf40-295e29811665
54342b11dabfaebba584a45e,82ddd2a3-7420-47a9-9a18-03d65a39090d
53f38283dabfae4b349fe501,153f84a7-c0f2-4f08-9f26-4fce946335af
53f43b72dabfaeecd6990981,a2369450-8a82-460c-a0b5-0c2ea3a5cdbd
53f43d5bdabfaee2a1d1d210,ce4877fc-aaf3-42fe-9cd0-73b6ae477d4f
542c79ecdabfae1ad8964f9b,44380789-e419-4f4f-a0f8-9b179a854148
53f382f9dabfae4b34a010db,9206b408-d3b2-4b30-b160-8cb0e151b1ae
53f45755dabfaee0d9bf7c48,e6e8bd56-4ecb-415b-bb21-571820ad338b
53f42c4ddabfaec22ba07136,5999e1b0-c046-431d-9cf3-4541dce190d8
53f42be3dabfaedce54ae313,f3f4bc72-5748-4a61-a9d3-00fb5a48edff
5448858adabfae87b7e3a633,e5df6e2f-3489-48fd-9895-b58d459ada2a
53f46fbddabfaeee22a76792,7cd8a7bc-d92c-4c57-925e-d44e160209c1
53f42bf1dabfaee02ac4b11f,b495bb00-59c0-4463-ac00-889372c6d41b
53f42d46dabfaee0d9afb527,a0b98aac-d4dc-4073-9e08-a0ea91fa9377
5601b8ed45cedb3395ea3aa0,32a5972e-7bb1-49ad-a244-e69f4dd67320
53f438fddabfaee1c0ab6415,04d42afd-1788-4e6f-893b-42db115cb00c
53f43625dabfaee4dc78128a,ea16a97a-dc20-4c94-8828-6b466403047a
562d092945ce1e5967700727,9a71f8f3-ffdc-4557-a772-1d4e1d4c5725
53f43428dabfaee0d9b4fe92,8b906df9-232a-4097-874a-3e9cf677aa06
53f44380dabfaee2a1d28fc5,16074fed-d440-40bc-bf7c-cdedd89c8146
53f43041dabfaeb22f42c615,a980396e-476a-41eb-9c48-12b74b12d30a
53f450aadabfaedf435f5169,3daf510f-5a5d-40c0-b2fa-7b20d8eb374e
53f46dc9dabfaee43ed13f70,c473d18f-1500-4fc2-a5c2-fd02b9ab877d
542a49b9dabfae646d54a11b,454b3278-6df7-4499-88fb-faa62be03c2a
53f810c3dabfae92b41071c9,b21372a3-50df-4a3f-a283-e567365205b5
53f442f2dabfaeecd69a0427,03ee267f-5795-4013-824b-4cea72e6517f
53f430cbdabfaeb22f433657,817b51ff-7c03-48ee-98dc-2f38412bdba0
53f435a8dabfaeb2ac04cf43,47404729-2dad-4668-b6ff-cf26bb4a6561
53f49832dabfaeb6ca77b9ed,7a12848c-4149-4e87-a860-f5bd69e972ef
53f431f5dabfaec09f14e4a7,5219b9b8-6547-498e-93ce-245b0f2c6051
53f48469dabfaec09f2a6f01,76ced537-bec7-49c0-848c-89188ca7c9d5
53f4661edabfaee02ad937e7,7c473398-c692-40ac-affe-43999dd9a7b5
53f55e39dabfae522df8045b,599db172-8156-4c9e-975f-0272c1332371
53f3a14edabfae4b34abbc2f,d62ed46a-f3e8-4a73-ae06-61d8149c883f
548edc6bdabfaef989f096d4,894bb284-85bf-405e-a1e6-2c738de6477d
53f430a0dabfaee0d9b26272,217cde71-ed7a-4f76-aa9c-ae6af74b7996
53f3750edabfae4b349cdef8,c41c681d-d721-4861-8a1c-ad84f70ef22e
53f47d50dabfaec09f295e43,6155754a-be4a-4340-ae9c-211a36d4757e
53f471dedabfaec09f26c216,652b8af3-bc1b-4d94-ac29-909e88c40898
53f42db3dabfaec22ba1c1a0,dcb67c3c-2e28-4798-8325-367e362f4686
53f46eebdabfaedd74e8b76f,19d15113-3410-4563-a37d-89df15bc535d
53f4c7bcdabfaee57677c99f,18c082b9-3702-414f-bde1-75ca05746715
53f433bfdabfaec22ba66f58,5db72f15-9562-4fca-8f0b-8779ce826474
53f4347fdabfaee1c0a8bca7,5c822295-f299-46d4-85f6-9f07da97b9a5
53f48c06dabfaea7cd1cdd37,f9ba2f8c-ee42-44ed-97de-57cfafacccc4
53f44412dabfaee1c0ae3780,b70e6288-e0ff-492d-aa2d-a8adae01515f
53f7f9e6dabfae8faa4cb4ba,f3d3bd48-c053-42ac-9e73-389c1dee565d
53f4d6b2dabfaef55df805b6,7b3513b3-e2e7-4423-b1e8-8fd8ef7f6040
53f439b0dabfaeecd697d392,72dd59d3-c228-41b4-97bf-c7e6218733fd
53f3b1e7dabfae4b34b2139e,7933c5af-093a-48b3-ac48-09695063958b
53f44faedabfaedd74e13656,705d933c-8532-4c7a-93d5-119e402a1da9
53f445b2dabfaee4dc7ce3d0,84d602f0-83ad-4a41-8b72-34d98fa80cb4
53f439c4dabfaedd74dbfa85,3522575a-f332-44d0-8adf-f15a10afca3a
53f4d030dabfaeeee5f81771,d338fa41-a11f-44c1-a86c-e036baeddeca
5601c91b45cedb3395ebfc8c,5fffd16a-ce7c-4aac-b650-8e130a84b3a3
53f42eb0dabfaedd74d479ea,cfcc5e34-3fb0-469e-8888-cde6260e8f32
53f4582bdabfaeee22a3aac8,fe0003da-289b-40eb-b400-99449965709a
53f42d37dabfaeb2acfe7f08,f6c75142-573d-4a5e-bfc6-a8639c645d14
53f42f25dabfaedf4352d44b,2c54c49f-c036-49d1-97e9-87e9211c26a8
53f430d6dabfaedce54f14dc,30874e75-08ae-403d-abe9-a36327036739
53f431dfdabfaee1c0a6dc09,2018ba10-19b3-46a2-93a7-8ee2ba865d0e
5405faabdabfae91d30233af,e2d00a5c-a9e8-491a-b89a-ef04dd31293e
53f44ac6dabfaefedbb25617,27001ba3-b570-4b59-9a27-eedc45f2fa80
56110a0145cedb339783c022,ca477fd9-dfde-46c4-9351-e058ae06f123
53f32d33dabfae9a844995e3,372c8f3f-e757-42a4-8a65-74c40202321b
53f47a4edabfaee43ed420dc,35a410a3-3179-4eb1-9519-80be61af84a0
53f46c93dabfaee0d9c46d03,2a5146f9-c7ab-406f-9e57-8ada4ad3067c
53f43348dabfaeb22f451f40,c0eb248c-f33d-47a8-a3a1-393eca529392
53f48525dabfaedf436905bf,01d030a2-a6d9-4ec8-9646-4aad0b617243
548cdbc1dabfaed7b5fa46ff,31a3c216-87ca-4e9a-9701-c4fe8165b0fd
54055948dabfae8faa5c5eed,b32e7721-89cd-43ec-93d9-569deee5fa39
53f44950dabfaee2a1d4086f,3df6c8e1-aed9-44c2-8693-8352c3865cee
5440e4ccdabfae805a705870,56849dd3-1f36-4baa-bc02-7f7c611950a2
56cb18acc35f4f3c6565a9a7,3effcba2-6c63-4a27-85e9-92981092cdc9
53f42db8dabfaeb22f40ca24,9683c4a6-f355-4471-836b-9e448e46debf
5432abb5dabfaeb4c6a95f14,3ab3c8e7-4408-438c-ab14-7cbff08ee4c7
54055b95dabfae44f0805774,b8a6fb2e-ca56-41d9-bc77-f334a607b79f
53f451dedabfaedd74e1c20d,650aeb09-069c-414c-8922-4c796c948065
53f436f6dabfaee4dc787af3,9a921ef6-cc53-47ef-a3a1-6c7d5a4f75e0
53f43369dabfaec09f15f08c,79212fa5-cc6a-4536-8fdd-392b2426839e
54056d17dabfae91d3fe1b41,54d2a8d7-b94b-4a8d-98b5-a4744f11bb97
53f4386fdabfaee0d9b77c42,fa346eb5-95c0-4234-81fa-36251feba547
53f42d68dabfaee0d9afd1f5,1bdbc5bd-360e-43be-8d89-30f71b4c9dee
543031d6dabfaeca69bd4bd8,4effd7b8-b67a-4c8e-b9cb-b61d28eb8707
53f4cda0dabfaeed1ef80dfb,43ee3946-9369-4144-bad7-037a3a6b7280
53f4306fdabfaee2a1ca331d,a7ec37ec-98c6-441c-a7a8-e192d3070b41
53f4caaedabfaeea6af80d03,fa86569f-ca68-4e10-b20d-8067f3d5d49a
53f36eb5dabfae4b349b925e,fa78aaad-296c-46c5-ae8f-c4d8b9461869
53f4339bdabfaeb1a7bd876d,113316e5-55ac-4288-83dd-6fe5eb189ad4
5601b76645cedb3395e9f647,2e8bfd9e-1279-4a51-80d0-018277875737
542aa560dabfae646d57b951,57c4fbbd-a8e7-48d4-bcd3-e52bbea9aff3
53f3ac55dabfae4b34aff588,1601dc88-f9ba-4f29-9d79-ec79be8d42c2
53f473a3dabfaedf436796f3,5b21bf8e-e913-4f64-af12-e52d7da153a3
53f370efdabfae4b349c0b2b,dda4aef5-ab39-4b9f-b9b2-ca74e4fb7ca3
53f43430dabfaec09f16834c,b5512f9c-ecf0-4eb7-9504-d1bd30edbb8f
540935dedabfae8faa67511c,cdda5d91-4e3b-44d2-ba70-3217815e56e1
56ae0ea8c35f4fa9054188b3,e5786889-489b-41ec-8a91-302fcffecab1
53f46a82dabfaee02ada5534,8d227a43-21d0-470e-af3d-ec6397869a5e
53f46204dabfaefedbb77da0,e331dcc3-1f60-40ae-8674-c028600dd048
53f36012dabfae4b349822c5,b662c546-3361-418f-88bc-718d541b14d7
53f42dc5dabfaeb22f40d4cd,42007dd2-43b0-4201-a9c6-4e25af650def
53f4363fdabfaee02acc93e5,c03f395b-a298-4bbf-9273-65d3bfcb7cac
53f43a42dabfaec22baa5387,a8c4fe3e-839c-4325-830b-11d8f009abce
53f3833ddabfae4b34a02ae3,d6187c92-24bb-4ebb-9608-e92f5bc7eb49
53f43129dabfaee1c0a64854,d92ef763-034f-4efd-b37b-39f37a960734
53f455aedabfaee2a1d7173e,43125269-c859-4eb9-aec6-3fd6f45d3fcf
53f3a8eedabfae4b34aeac2b,94aa7cff-8c4a-4834-80d1-57e8412d0584
5433ead3dabfaebba582e02e,b439525c-f149-46d5-80c5-48158037739b
53f42de6dabfaedd74d3d61f,9827b44c-68ed-4ed1-a50a-9df21c275278
53f45e08dabfaee0d9c0f723,0e130164-7910-480b-a76d-4356df0ee8c0
53f46184dabfaee0d9c1bacc,78941ce2-d108-43f1-afce-580bc9f127aa
53f43737dabfaeecd69662c0,05ec4a7b-e33a-4f0d-8246-c99755c25322
53f4d3acdabfaef203f81293,ae7347bc-e400-4958-9d5f-f7d79d123bd1
5602148245cedb3395f0533e,bd33496c-ad3c-442f-a0fe-0690f44bbe17
53f43594dabfaee1c0a968cd,cb6892c7-e42f-4b27-88bd-ce671d2094f3
540594badabfae8faa5e4c77,b6f83b17-e70f-4314-bef3-270467cd6321
53f450d1dabfaeecd69d5ea2,81ad1359-814e-44cf-aaef-37c27a8c30c6
53f44c84dabfaee43ec96310,73bb1b56-5812-4a9b-8536-9d2a9dda5779
53f37a1edabfae4b349df763,cfd93f23-3f34-4b39-9a05-118bf069ebfd
5405d158dabfae91d301095b,2f523ca6-2784-4600-b8a2-8171b9039f2b
53f451efdabfaee1c0b1bb2f,da81d380-6c56-4268-86eb-f03849ccfc1c
53f43376dabfaec09f15f8f8,9f88d475-7a71-44d5-8f0a-37b2cc705211
53f43124dabfaedce54f5472,bf39a32b-ed89-48dc-964e-957c1731c2f4
53f44875dabfaec09f1d14e9,eadffd48-1db6-4f34-8cc3-53b74b7355aa
53f434bbdabfaee4dc7737ea,ae6408a8-a812-4cb7-bd91-72f486fca52c
53f43a0bdabfaee43ec51b57,2dba1f3b-b986-45fc-8219-9eec6ba19ca8
54057608dabfae92b41d6e18,38761531-a6e9-4023-94b0-fc46c13c4163
53f44e2fdabfaee4dc7f068d,c1088826-04ae-4660-84a3-ab08db45a2c1
53f435a1dabfaedd74d9a52f,d8724b88-569a-4a2e-8c77-7248d89198e5
5447fea3dabfae87b7dbe4d0,e14d382f-3fa2-4db7-9867-64afc1f4e8cb
53f437a3dabfaee1c0aa88c8,a05151ef-90e3-4235-9434-75e9035b05a7
53f4335fdabfaee1c0a7ebfe,e44a66e9-dedb-4d73-aea1-0b9fc85382b5
53f42f61dabfaeb22f42180e,d88ad735-93f4-491b-b244-2694a021662a
53f430c5dabfaedce54f050e,51302d3f-a6ba-4c0b-8ed8-bcd7e1f010d7
53f46b6fdabfaedf43659849,0066b12e-945d-4327-a160-f609409f8b0a
5430ecfedabfae8f2911af83,4831b5e4-462c-423e-b809-7fd8fce8e9e2
53f4c9eddabfaee57677f26a,bb17a6e4-8fda-400f-a488-cc66d36263a9
56018a4c45cedb3395e6d1c6,e55edb4c-0c4d-471c-b1d6-ba8dcfff6672
53f642c4dabfaed4f40f3d0e,82cba5ed-5227-4850-845e-b25d2cccf2ce
53f4317ddabfaee02ac94d7c,495a6ce5-a41f-407f-a2ea-b20e31207979
53f45f0bdabfaeb22f520471,b0a17ca0-260a-4d9f-9002-ea991f2c53f5
53f3823adabfae4b349fc951,0d2fb7ee-d5e8-4f12-97cd-786f7c843377
53f436f6dabfaee0d9b69f45,3e00540e-8c48-4e88-9099-811b5bde4bc9
5405bd97dabfae450f3ccc5d,b5616ac8-8c6f-4ffa-9dd4-bc942d2ca9d1
53f49f8ddabfaedce562c5de,a5b66e14-bce6-4625-a7c2-c0c4344ceb39
54095b97dabfae450f47ac93,aa62d223-32f2-45bd-a92f-9e096f489132
53f808b3dabfae92b4102ca1,95df603a-ba61-40e6-9c9c-1f8a4dd98c24
5601eb6645cedb3395ede271,491853aa-aa72-476d-9ab3-71e75a326d1c
53f43a0bdabfaee2a1d084af,1394d356-e349-4eb2-b35b-3a7c71d37162
53f4316fdabfaedce54f907d,3a108f7a-cc7f-4c4a-a4b9-8a58af9df4e7
53f7f122dabfae9060afb1a2,cae10f2f-c0db-47bb-a969-1c60b638572e
53f4703edabfaee2a1dd5a40,68d7596c-27a4-4db8-9bf9-fb08297e6705
53f42cdedabfaec09f10d493,7846388f-7a5d-4093-b365-e8856bbf2a6c
53f43b40dabfaee2a1d15cfd,294cedca-7dd8-43e1-a5cb-892af4eb30af
53f465b9dabfaedd74e67203,b54feba0-3e28-485d-972b-e140ec59805e
53f44751dabfaee0d9bb6d8b,866fa68f-8181-4801-823e-d7033f3c6700
5433b527dabfaeb4c6ac85c8,21c8ea91-f3b1-4716-9e7b-1ee8b2e770d5
53f43034dabfaeb22f42bc50,c153d193-b8c3-4d76-896b-3e2b901d7fc2
542a4c6fdabfae61d4966599,166e6d4e-0900-4797-ac57-cc62ab18fb32
5448aedadabfae87b7e62dca,f45956ee-cf1d-4368-83a3-e9b0feaaf39e
53f46700dabfaee2a1db12a0,22beabbf-2096-4758-95a3-aba83790c7b6
53f456f7dabfaee1c0b2fbe6,d1ece9aa-2276-49a6-8e82-eadddfad3dab
5406f0a0dabfae450f3f8569,0252a51e-784d-413e-bc69-332ef63ab528
5485de8cdabfaed7b5fa25cc,ae7ffe7c-e0c8-425a-a5eb-51188186ad37
53f42b7adabfaec09f0f68a8,086c4da5-bd43-404c-bb29-fcf221158e25
53f432c4dabfaec09f158248,c07f3e10-3ba1-4adb-a8f3-dd645c4e3db5
53f44597dabfaee43ec7ac56,fbd88015-f302-4691-9898-7bae1f6179b1
53f432a0dabfaee0d9b3f555,325f23c5-1d75-411a-8408-e0056bc24446
5433b9afdabfaeb4c6ac97a1,ec664e69-0ca6-42d0-815c-5cdfef107b9d
53f4d1ccdabfaeedd877f710,5645ad9e-2dcd-43de-b6f4-e0c8aea23d81
53f43acedabfaedd74dcae64,336b8fda-904c-48d7-8e8e-70a55f9eeae6
56017c8145cedb3395e62904,d9ff48a0-db8e-4022-b1eb-3327d5c6436d
53f4548adabfaee4dc80a832,54fdac36-d01a-49d3-baef-95a25e9edf56
53f4a902dabfaeca6777b621,3acbfec0-bc19-485b-be04-49c207f4cf8b
53f39d32dabfae4b34aa1f2a,4a03feca-91a2-4627-a5c2-0b588b13d5f2
53f43507dabfaec22ba753bb,82865d9d-f7d4-495f-bbb2-7205eafffd91
53f42d93dabfaee02ac638d1,b790efc9-ce45-4fef-8eb3-194f2b687415
53f43823dabfaee4dc792dc5,b3729ea6-f3af-4c4e-8073-cb6294ac27dc
53f46db6dabfaeecd6a291dd,a69544bb-9c30-45b0-9e93-bd0db20937bb
